,date,Avg_anomalies
0,1880-01-31,-0.29
1,1880-02-29,-0.18
2,1880-03-31,-0.11
3,1880-04-30,-0.2
4,1880-05-31,-0.12
5,1880-06-30,-0.23
6,1880-07-31,-0.21
7,1880-08-31,-0.09
8,1880-09-30,-0.16
9,1880-10-31,-0.23
10,1880-11-30,-0.2
11,1880-12-31,-0.23
12,1881-01-31,-0.16
13,1881-02-28,-0.17
14,1881-03-31,0.04
15,1881-04-30,0.04
16,1881-05-31,0.02
17,1881-06-30,-0.2
18,1881-07-31,-0.07
19,1881-08-31,-0.03
20,1881-09-30,-0.14
21,1881-10-31,-0.21
22,1881-11-30,-0.22
23,1881-12-31,-0.11
24,1882-01-31,0.14
25,1882-02-28,0.15
26,1882-03-31,0.03
27,1882-04-30,-0.19
28,1882-05-31,-0.16
29,1882-06-30,-0.26
30,1882-07-31,-0.21
31,1882-08-31,-0.06
32,1882-09-30,-0.1
33,1882-10-31,-0.25
34,1882-11-30,-0.16
35,1882-12-31,-0.25
36,1883-01-31,-0.32
37,1883-02-28,-0.39
38,1883-03-31,-0.13
39,1883-04-30,-0.17
40,1883-05-31,-0.2
41,1883-06-30,-0.13
42,1883-07-31,-0.08
43,1883-08-31,-0.15
44,1883-09-30,-0.21
45,1883-10-31,-0.14
46,1883-11-30,-0.22
47,1883-12-31,-0.16
48,1884-01-31,-0.16
49,1884-02-29,-0.08
50,1884-03-31,-0.37
51,1884-04-30,-0.43
52,1884-05-31,-0.37
53,1884-06-30,-0.41
54,1884-07-31,-0.35
55,1884-08-31,-0.26
56,1884-09-30,-0.27
57,1884-10-31,-0.24
58,1884-11-30,-0.3
59,1884-12-31,-0.29
60,1885-01-31,-0.59
61,1885-02-28,-0.3
62,1885-03-31,-0.25
63,1885-04-30,-0.42
64,1885-05-31,-0.42
65,1885-06-30,-0.44
66,1885-07-31,-0.36
67,1885-08-31,-0.32
68,1885-09-30,-0.24
69,1885-10-31,-0.19
70,1885-11-30,-0.2
71,1885-12-31,-0.05
72,1886-01-31,-0.42
73,1886-02-28,-0.45
74,1886-03-31,-0.39
75,1886-04-30,-0.28
76,1886-05-31,-0.26
77,1886-06-30,-0.39
78,1886-07-31,-0.22
79,1886-08-31,-0.34
80,1886-09-30,-0.26
81,1886-10-31,-0.29
82,1886-11-30,-0.31
83,1886-12-31,-0.27
84,1887-01-31,-0.73
85,1887-02-28,-0.52
86,1887-03-31,-0.34
87,1887-04-30,-0.39
88,1887-05-31,-0.32
89,1887-06-30,-0.24
90,1887-07-31,-0.23
91,1887-08-31,-0.32
92,1887-09-30,-0.23
93,1887-10-31,-0.33
94,1887-11-30,-0.23
95,1887-12-31,-0.34
96,1888-01-31,-0.38
97,1888-02-29,-0.36
98,1888-03-31,-0.41
99,1888-04-30,-0.22
100,1888-05-31,-0.22
101,1888-06-30,-0.18
102,1888-07-31,-0.09
103,1888-08-31,-0.16
104,1888-09-30,-0.1
105,1888-10-31,0.02
106,1888-11-30,0.01
107,1888-12-31,-0.06
108,1889-01-31,-0.11
109,1889-02-28,0.19
110,1889-03-31,0.08
111,1889-04-30,0.07
112,1889-05-31,-0.02
113,1889-06-30,-0.14
114,1889-07-31,-0.1
115,1889-08-31,-0.2
116,1889-09-30,-0.22
117,1889-10-31,-0.22
118,1889-11-30,-0.33
119,1889-12-31,-0.3
120,1890-01-31,-0.44
121,1890-02-28,-0.45
122,1890-03-31,-0.4
123,1890-04-30,-0.37
124,1890-05-31,-0.45
125,1890-06-30,-0.27
126,1890-07-31,-0.27
127,1890-08-31,-0.38
128,1890-09-30,-0.39
129,1890-10-31,-0.24
130,1890-11-30,-0.48
131,1890-12-31,-0.31
132,1891-01-31,-0.42
133,1891-02-28,-0.47
134,1891-03-31,-0.19
135,1891-04-30,-0.28
136,1891-05-31,-0.18
137,1891-06-30,-0.2
138,1891-07-31,-0.2
139,1891-08-31,-0.16
140,1891-09-30,-0.14
141,1891-10-31,-0.21
142,1891-11-30,-0.35
143,1891-12-31,-0.04
144,1892-01-31,-0.28
145,1892-02-29,-0.12
146,1892-03-31,-0.35
147,1892-04-30,-0.35
148,1892-05-31,-0.25
149,1892-06-30,-0.23
150,1892-07-31,-0.32
151,1892-08-31,-0.25
152,1892-09-30,-0.13
153,1892-10-31,-0.13
154,1892-11-30,-0.42
155,1892-12-31,-0.39
156,1893-01-31,-0.8
157,1893-02-28,-0.54
158,1893-03-31,-0.23
159,1893-04-30,-0.3
160,1893-05-31,-0.36
161,1893-06-30,-0.29
162,1893-07-31,-0.16
163,1893-08-31,-0.27
164,1893-09-30,-0.2
165,1893-10-31,-0.17
166,1893-11-30,-0.17
167,1893-12-31,-0.35
168,1894-01-31,-0.54
169,1894-02-28,-0.33
170,1894-03-31,-0.25
171,1894-04-30,-0.48
172,1894-05-31,-0.35
173,1894-06-30,-0.44
174,1894-07-31,-0.26
175,1894-08-31,-0.22
176,1894-09-30,-0.25
177,1894-10-31,-0.21
178,1894-11-30,-0.25
179,1894-12-31,-0.2
180,1895-01-31,-0.44
181,1895-02-28,-0.42
182,1895-03-31,-0.29
183,1895-04-30,-0.25
184,1895-05-31,-0.27
185,1895-06-30,-0.24
186,1895-07-31,-0.18
187,1895-08-31,-0.16
188,1895-09-30,-0.09
189,1895-10-31,-0.08
190,1895-11-30,-0.15
191,1895-12-31,-0.16
192,1896-01-31,-0.26
193,1896-02-29,-0.14
194,1896-03-31,-0.26
195,1896-04-30,-0.31
196,1896-05-31,-0.18
197,1896-06-30,-0.14
198,1896-07-31,-0.04
199,1896-08-31,-0.04
200,1896-09-30,-0.03
201,1896-10-31,0.11
202,1896-11-30,-0.08
203,1896-12-31,-0.04
204,1897-01-31,-0.15
205,1897-02-28,-0.15
206,1897-03-31,-0.14
207,1897-04-30,-0.02
208,1897-05-31,-0.05
209,1897-06-30,-0.16
210,1897-07-31,-0.07
211,1897-08-31,-0.11
212,1897-09-30,-0.08
213,1897-10-31,-0.12
214,1897-11-30,-0.19
215,1897-12-31,-0.19
216,1898-01-31,-0.03
217,1898-02-28,-0.3
218,1898-03-31,-0.52
219,1898-04-30,-0.33
220,1898-05-31,-0.32
221,1898-06-30,-0.21
222,1898-07-31,-0.24
223,1898-08-31,-0.25
224,1898-09-30,-0.22
225,1898-10-31,-0.33
226,1898-11-30,-0.38
227,1898-12-31,-0.25
228,1899-01-31,-0.19
229,1899-02-28,-0.4
230,1899-03-31,-0.34
231,1899-04-30,-0.21
232,1899-05-31,-0.23
233,1899-06-30,-0.33
234,1899-07-31,-0.18
235,1899-08-31,-0.07
236,1899-09-30,-0.03
237,1899-10-31,-0.05
238,1899-11-30,0.12
239,1899-12-31,-0.28
240,1900-01-31,-0.37
241,1900-02-28,-0.03
242,1900-03-31,0.01
243,1900-04-30,-0.12
244,1900-05-31,-0.1
245,1900-06-30,-0.13
246,1900-07-31,-0.13
247,1900-08-31,-0.1
248,1900-09-30,-0.05
249,1900-10-31,0.09
250,1900-11-30,-0.1
251,1900-12-31,-0.07
252,1901-01-31,-0.24
253,1901-02-28,-0.04
254,1901-03-31,0.08
255,1901-04-30,-0.04
256,1901-05-31,-0.17
257,1901-06-30,-0.13
258,1901-07-31,-0.16
259,1901-08-31,-0.2
260,1901-09-30,-0.22
261,1901-10-31,-0.31
262,1901-11-30,-0.17
263,1901-12-31,-0.28
264,1902-01-31,-0.2
265,1902-02-28,-0.03
266,1902-03-31,-0.29
267,1902-04-30,-0.3
268,1902-05-31,-0.35
269,1902-06-30,-0.35
270,1902-07-31,-0.3
271,1902-08-31,-0.32
272,1902-09-30,-0.29
273,1902-10-31,-0.29
274,1902-11-30,-0.39
275,1902-12-31,-0.46
276,1903-01-31,-0.26
277,1903-02-28,-0.04
278,1903-03-31,-0.24
279,1903-04-30,-0.43
280,1903-05-31,-0.44
281,1903-06-30,-0.46
282,1903-07-31,-0.37
283,1903-08-31,-0.49
284,1903-09-30,-0.49
285,1903-10-31,-0.48
286,1903-11-30,-0.45
287,1903-12-31,-0.52
288,1904-01-31,-0.68
289,1904-02-29,-0.58
290,1904-03-31,-0.51
291,1904-04-30,-0.55
292,1904-05-31,-0.56
293,1904-06-30,-0.51
294,1904-07-31,-0.54
295,1904-08-31,-0.5
296,1904-09-30,-0.53
297,1904-10-31,-0.4
298,1904-11-30,-0.22
299,1904-12-31,-0.35
300,1905-01-31,-0.4
301,1905-02-28,-0.59
302,1905-03-31,-0.24
303,1905-04-30,-0.36
304,1905-05-31,-0.33
305,1905-06-30,-0.31
306,1905-07-31,-0.29
307,1905-08-31,-0.22
308,1905-09-30,-0.19
309,1905-10-31,-0.25
310,1905-11-30,-0.1
311,1905-12-31,-0.19
312,1906-01-31,-0.28
313,1906-02-28,-0.31
314,1906-03-31,-0.16
315,1906-04-30,-0.04
316,1906-05-31,-0.24
317,1906-06-30,-0.21
318,1906-07-31,-0.25
319,1906-08-31,-0.2
320,1906-09-30,-0.27
321,1906-10-31,-0.19
322,1906-11-30,-0.39
323,1906-12-31,-0.16
324,1907-01-31,-0.42
325,1907-02-28,-0.51
326,1907-03-31,-0.27
327,1907-04-30,-0.39
328,1907-05-31,-0.47
329,1907-06-30,-0.44
330,1907-07-31,-0.37
331,1907-08-31,-0.35
332,1907-09-30,-0.33
333,1907-10-31,-0.24
334,1907-11-30,-0.49
335,1907-12-31,-0.48
336,1908-01-31,-0.44
337,1908-02-29,-0.31
338,1908-03-31,-0.54
339,1908-04-30,-0.46
340,1908-05-31,-0.41
341,1908-06-30,-0.41
342,1908-07-31,-0.4
343,1908-08-31,-0.46
344,1908-09-30,-0.36
345,1908-10-31,-0.45
346,1908-11-30,-0.5
347,1908-12-31,-0.49
348,1909-01-31,-0.69
349,1909-02-28,-0.47
350,1909-03-31,-0.51
351,1909-04-30,-0.6
352,1909-05-31,-0.56
353,1909-06-30,-0.53
354,1909-07-31,-0.45
355,1909-08-31,-0.31
356,1909-09-30,-0.35
357,1909-10-31,-0.37
358,1909-11-30,-0.31
359,1909-12-31,-0.55
360,1910-01-31,-0.45
361,1910-02-28,-0.44
362,1910-03-31,-0.51
363,1910-04-30,-0.4
364,1910-05-31,-0.35
365,1910-06-30,-0.38
366,1910-07-31,-0.35
367,1910-08-31,-0.37
368,1910-09-30,-0.36
369,1910-10-31,-0.38
370,1910-11-30,-0.54
371,1910-12-31,-0.66
372,1911-01-31,-0.64
373,1911-02-28,-0.58
374,1911-03-31,-0.6
375,1911-04-30,-0.54
376,1911-05-31,-0.52
377,1911-06-30,-0.48
378,1911-07-31,-0.41
379,1911-08-31,-0.42
380,1911-09-30,-0.38
381,1911-10-31,-0.23
382,1911-11-30,-0.18
383,1911-12-31,-0.22
384,1912-01-31,-0.26
385,1912-02-29,-0.12
386,1912-03-31,-0.35
387,1912-04-30,-0.2
388,1912-05-31,-0.22
389,1912-06-30,-0.26
390,1912-07-31,-0.44
391,1912-08-31,-0.55
392,1912-09-30,-0.51
393,1912-10-31,-0.57
394,1912-11-30,-0.38
395,1912-12-31,-0.43
396,1913-01-31,-0.42
397,1913-02-28,-0.43
398,1913-03-31,-0.43
399,1913-04-30,-0.4
400,1913-05-31,-0.47
401,1913-06-30,-0.49
402,1913-07-31,-0.37
403,1913-08-31,-0.34
404,1913-09-30,-0.36
405,1913-10-31,-0.34
406,1913-11-30,-0.19
407,1913-12-31,-0.04
408,1914-01-31,0.04
409,1914-02-28,-0.11
410,1914-03-31,-0.22
411,1914-04-30,-0.29
412,1914-05-31,-0.23
413,1914-06-30,-0.26
414,1914-07-31,-0.24
415,1914-08-31,-0.14
416,1914-09-30,-0.13
417,1914-10-31,-0.04
418,1914-11-30,-0.18
419,1914-12-31,-0.08
420,1915-01-31,-0.17
421,1915-02-28,0.0
422,1915-03-31,-0.1
423,1915-04-30,0.06
424,1915-05-31,-0.07
425,1915-06-30,-0.21
426,1915-07-31,-0.11
427,1915-08-31,-0.2
428,1915-09-30,-0.17
429,1915-10-31,-0.25
430,1915-11-30,-0.13
431,1915-12-31,-0.17
432,1916-01-31,-0.09
433,1916-02-29,-0.13
434,1916-03-31,-0.28
435,1916-04-30,-0.3
436,1916-05-31,-0.32
437,1916-06-30,-0.47
438,1916-07-31,-0.36
439,1916-08-31,-0.26
440,1916-09-30,-0.32
441,1916-10-31,-0.27
442,1916-11-30,-0.4
443,1916-12-31,-0.8
444,1917-01-31,-0.58
445,1917-02-28,-0.61
446,1917-03-31,-0.6
447,1917-04-30,-0.51
448,1917-05-31,-0.55
449,1917-06-30,-0.43
450,1917-07-31,-0.25
451,1917-08-31,-0.22
452,1917-09-30,-0.18
453,1917-10-31,-0.4
454,1917-11-30,-0.28
455,1917-12-31,-0.68
456,1918-01-31,-0.42
457,1918-02-28,-0.32
458,1918-03-31,-0.25
459,1918-04-30,-0.45
460,1918-05-31,-0.46
461,1918-06-30,-0.36
462,1918-07-31,-0.31
463,1918-08-31,-0.3
464,1918-09-30,-0.15
465,1918-10-31,-0.05
466,1918-11-30,-0.11
467,1918-12-31,-0.28
468,1919-01-31,-0.2
469,1919-02-28,-0.23
470,1919-03-31,-0.2
471,1919-04-30,-0.14
472,1919-05-31,-0.28
473,1919-06-30,-0.38
474,1919-07-31,-0.29
475,1919-08-31,-0.33
476,1919-09-30,-0.22
477,1919-10-31,-0.19
478,1919-11-30,-0.41
479,1919-12-31,-0.42
480,1920-01-31,-0.23
481,1920-02-29,-0.23
482,1920-03-31,-0.08
483,1920-04-30,-0.26
484,1920-05-31,-0.27
485,1920-06-30,-0.36
486,1920-07-31,-0.32
487,1920-08-31,-0.25
488,1920-09-30,-0.2
489,1920-10-31,-0.27
490,1920-11-30,-0.27
491,1920-12-31,-0.44
492,1921-01-31,-0.03
493,1921-02-28,-0.19
494,1921-03-31,-0.23
495,1921-04-30,-0.29
496,1921-05-31,-0.29
497,1921-06-30,-0.28
498,1921-07-31,-0.15
499,1921-08-31,-0.24
500,1921-09-30,-0.17
501,1921-10-31,-0.03
502,1921-11-30,-0.13
503,1921-12-31,-0.17
504,1922-01-31,-0.34
505,1922-02-28,-0.44
506,1922-03-31,-0.13
507,1922-04-30,-0.24
508,1922-05-31,-0.33
509,1922-06-30,-0.33
510,1922-07-31,-0.25
511,1922-08-31,-0.31
512,1922-09-30,-0.32
513,1922-10-31,-0.32
514,1922-11-30,-0.14
515,1922-12-31,-0.18
516,1923-01-31,-0.29
517,1923-02-28,-0.37
518,1923-03-31,-0.35
519,1923-04-30,-0.4
520,1923-05-31,-0.34
521,1923-06-30,-0.26
522,1923-07-31,-0.3
523,1923-08-31,-0.3
524,1923-09-30,-0.28
525,1923-10-31,-0.11
526,1923-11-30,0.01
527,1923-12-31,-0.02
528,1924-01-31,-0.22
529,1924-02-29,-0.24
530,1924-03-31,-0.07
531,1924-04-30,-0.31
532,1924-05-31,-0.18
533,1924-06-30,-0.23
534,1924-07-31,-0.26
535,1924-08-31,-0.34
536,1924-09-30,-0.31
537,1924-10-31,-0.34
538,1924-11-30,-0.2
539,1924-12-31,-0.41
540,1925-01-31,-0.36
541,1925-02-28,-0.38
542,1925-03-31,-0.25
543,1925-04-30,-0.25
544,1925-05-31,-0.3
545,1925-06-30,-0.32
546,1925-07-31,-0.28
547,1925-08-31,-0.15
548,1925-09-30,-0.16
549,1925-10-31,-0.18
550,1925-11-30,0.04
551,1925-12-31,0.09
552,1926-01-31,0.19
553,1926-02-28,0.06
554,1926-03-31,0.11
555,1926-04-30,-0.13
556,1926-05-31,-0.22
557,1926-06-30,-0.23
558,1926-07-31,-0.24
559,1926-08-31,-0.13
560,1926-09-30,-0.13
561,1926-10-31,-0.1
562,1926-11-30,-0.05
563,1926-12-31,-0.28
564,1927-01-31,-0.27
565,1927-02-28,-0.18
566,1927-03-31,-0.37
567,1927-04-30,-0.31
568,1927-05-31,-0.25
569,1927-06-30,-0.26
570,1927-07-31,-0.16
571,1927-08-31,-0.21
572,1927-09-30,-0.11
573,1927-10-31,-0.01
574,1927-11-30,-0.04
575,1927-12-31,-0.33
576,1928-01-31,-0.01
577,1928-02-29,-0.08
578,1928-03-31,-0.27
579,1928-04-30,-0.28
580,1928-05-31,-0.3
581,1928-06-30,-0.37
582,1928-07-31,-0.19
583,1928-08-31,-0.23
584,1928-09-30,-0.19
585,1928-10-31,-0.17
586,1928-11-30,-0.09
587,1928-12-31,-0.18
588,1929-01-31,-0.46
589,1929-02-28,-0.6
590,1929-03-31,-0.32
591,1929-04-30,-0.4
592,1929-05-31,-0.39
593,1929-06-30,-0.41
594,1929-07-31,-0.33
595,1929-08-31,-0.29
596,1929-09-30,-0.23
597,1929-10-31,-0.12
598,1929-11-30,-0.12
599,1929-12-31,-0.54
600,1930-01-31,-0.3
601,1930-02-28,-0.27
602,1930-03-31,-0.09
603,1930-04-30,-0.24
604,1930-05-31,-0.23
605,1930-06-30,-0.2
606,1930-07-31,-0.2
607,1930-08-31,-0.12
608,1930-09-30,-0.12
609,1930-10-31,-0.09
610,1930-11-30,0.15
611,1930-12-31,-0.08
612,1931-01-31,-0.1
613,1931-02-28,-0.24
614,1931-03-31,-0.08
615,1931-04-30,-0.21
616,1931-05-31,-0.2
617,1931-06-30,-0.07
618,1931-07-31,-0.03
619,1931-08-31,-0.03
620,1931-09-30,-0.06
621,1931-10-31,0.02
622,1931-11-30,-0.12
623,1931-12-31,-0.09
624,1932-01-31,0.14
625,1932-02-29,-0.18
626,1932-03-31,-0.19
627,1932-04-30,-0.06
628,1932-05-31,-0.18
629,1932-06-30,-0.29
630,1932-07-31,-0.24
631,1932-08-31,-0.23
632,1932-09-30,-0.12
633,1932-10-31,-0.1
634,1932-11-30,-0.27
635,1932-12-31,-0.26
636,1933-01-31,-0.34
637,1933-02-28,-0.34
638,1933-03-31,-0.3
639,1933-04-30,-0.25
640,1933-05-31,-0.29
641,1933-06-30,-0.33
642,1933-07-31,-0.21
643,1933-08-31,-0.24
644,1933-09-30,-0.27
645,1933-10-31,-0.21
646,1933-11-30,-0.3
647,1933-12-31,-0.46
648,1934-01-31,-0.24
649,1934-02-28,-0.04
650,1934-03-31,-0.33
651,1934-04-30,-0.3
652,1934-05-31,-0.11
653,1934-06-30,-0.15
654,1934-07-31,-0.1
655,1934-08-31,-0.11
656,1934-09-30,-0.16
657,1934-10-31,-0.08
658,1934-11-30,0.03
659,1934-12-31,-0.04
660,1935-01-31,-0.33
661,1935-02-28,0.15
662,1935-03-31,-0.13
663,1935-04-30,-0.36
664,1935-05-31,-0.3
665,1935-06-30,-0.27
666,1935-07-31,-0.22
667,1935-08-31,-0.22
668,1935-09-30,-0.21
669,1935-10-31,-0.08
670,1935-11-30,-0.28
671,1935-12-31,-0.2
672,1936-01-31,-0.28
673,1936-02-29,-0.39
674,1936-03-31,-0.22
675,1936-04-30,-0.2
676,1936-05-31,-0.18
677,1936-06-30,-0.21
678,1936-07-31,-0.08
679,1936-08-31,-0.13
680,1936-09-30,-0.09
681,1936-10-31,-0.04
682,1936-11-30,-0.04
683,1936-12-31,-0.03
684,1937-01-31,-0.13
685,1937-02-28,0.04
686,1937-03-31,-0.18
687,1937-04-30,-0.17
688,1937-05-31,-0.08
689,1937-06-30,-0.05
690,1937-07-31,-0.05
691,1937-08-31,0.02
692,1937-09-30,0.11
693,1937-10-31,0.08
694,1937-11-30,0.09
695,1937-12-31,-0.11
696,1938-01-31,0.01
697,1938-02-28,-0.02
698,1938-03-31,0.08
699,1938-04-30,0.04
700,1938-05-31,-0.1
701,1938-06-30,-0.18
702,1938-07-31,-0.09
703,1938-08-31,-0.06
704,1938-09-30,0.02
705,1938-10-31,0.11
706,1938-11-30,0.04
707,1938-12-31,-0.22
708,1939-01-31,-0.07
709,1939-02-28,-0.08
710,1939-03-31,-0.19
711,1939-04-30,-0.09
712,1939-05-31,-0.06
713,1939-06-30,-0.08
714,1939-07-31,-0.08
715,1939-08-31,-0.07
716,1939-09-30,-0.07
717,1939-10-31,-0.03
718,1939-11-30,0.06
719,1939-12-31,0.44
720,1940-01-31,-0.06
721,1940-02-29,0.13
722,1940-03-31,0.15
723,1940-04-30,0.18
724,1940-05-31,0.1
725,1940-06-30,0.08
726,1940-07-31,0.12
727,1940-08-31,0.05
728,1940-09-30,0.13
729,1940-10-31,0.08
730,1940-11-30,0.17
731,1940-12-31,0.28
732,1941-01-31,0.21
733,1941-02-28,0.32
734,1941-03-31,0.08
735,1941-04-30,0.17
736,1941-05-31,0.14
737,1941-06-30,0.12
738,1941-07-31,0.21
739,1941-08-31,0.14
740,1941-09-30,0.02
741,1941-10-31,0.34
742,1941-11-30,0.24
743,1941-12-31,0.21
744,1942-01-31,0.26
745,1942-02-28,0.02
746,1942-03-31,0.09
747,1942-04-30,0.11
748,1942-05-31,0.09
749,1942-06-30,0.04
750,1942-07-31,0.0
751,1942-08-31,-0.04
752,1942-09-30,-0.05
753,1942-10-31,-0.01
754,1942-11-30,0.08
755,1942-12-31,0.07
756,1943-01-31,-0.04
757,1943-02-28,0.13
758,1943-03-31,-0.08
759,1943-04-30,0.07
760,1943-05-31,0.04
761,1943-06-30,-0.06
762,1943-07-31,0.08
763,1943-08-31,0.0
764,1943-09-30,0.06
765,1943-10-31,0.22
766,1943-11-30,0.19
767,1943-12-31,0.24
768,1944-01-31,0.35
769,1944-02-29,0.26
770,1944-03-31,0.27
771,1944-04-30,0.2
772,1944-05-31,0.19
773,1944-06-30,0.2
774,1944-07-31,0.18
775,1944-08-31,0.17
776,1944-09-30,0.3
777,1944-10-31,0.26
778,1944-11-30,0.1
779,1944-12-31,0.02
780,1945-01-31,0.09
781,1945-02-28,-0.02
782,1945-03-31,0.07
783,1945-04-30,0.18
784,1945-05-31,0.05
785,1945-06-30,-0.01
786,1945-07-31,0.03
787,1945-08-31,0.27
788,1945-09-30,0.22
789,1945-10-31,0.19
790,1945-11-30,0.07
791,1945-12-31,-0.09
792,1946-01-31,0.15
793,1946-02-28,0.07
794,1946-03-31,0.01
795,1946-04-30,0.06
796,1946-05-31,-0.08
797,1946-06-30,-0.21
798,1946-07-31,-0.14
799,1946-08-31,-0.16
800,1946-09-30,-0.07
801,1946-10-31,-0.06
802,1946-11-30,-0.06
803,1946-12-31,-0.35
804,1947-01-31,-0.13
805,1947-02-28,-0.08
806,1947-03-31,0.07
807,1947-04-30,0.07
808,1947-05-31,-0.03
809,1947-06-30,0.02
810,1947-07-31,-0.08
811,1947-08-31,-0.09
812,1947-09-30,-0.13
813,1947-10-31,0.06
814,1947-11-30,0.02
815,1947-12-31,-0.16
816,1948-01-31,0.07
817,1948-02-29,-0.15
818,1948-03-31,-0.25
819,1948-04-30,-0.11
820,1948-05-31,0.01
821,1948-06-30,-0.04
822,1948-07-31,-0.11
823,1948-08-31,-0.12
824,1948-09-30,-0.11
825,1948-10-31,-0.07
826,1948-11-30,-0.12
827,1948-12-31,-0.23
828,1949-01-31,0.09
829,1949-02-28,-0.16
830,1949-03-31,-0.02
831,1949-04-30,-0.1
832,1949-05-31,-0.08
833,1949-06-30,-0.23
834,1949-07-31,-0.14
835,1949-08-31,-0.12
836,1949-09-30,-0.14
837,1949-10-31,-0.06
838,1949-11-30,-0.1
839,1949-12-31,-0.22
840,1950-01-31,-0.33
841,1950-02-28,-0.28
842,1950-03-31,-0.07
843,1950-04-30,-0.2
844,1950-05-31,-0.09
845,1950-06-30,-0.03
846,1950-07-31,-0.1
847,1950-08-31,-0.16
848,1950-09-30,-0.12
849,1950-10-31,-0.22
850,1950-11-30,-0.38
851,1950-12-31,-0.2
852,1951-01-31,-0.35
853,1951-02-28,-0.43
854,1951-03-31,-0.21
855,1951-04-30,-0.13
856,1951-05-31,0.0
857,1951-06-30,-0.02
858,1951-07-31,0.03
859,1951-08-31,0.06
860,1951-09-30,0.08
861,1951-10-31,0.05
862,1951-11-30,-0.02
863,1951-12-31,0.14
864,1952-01-31,0.13
865,1952-02-29,0.11
866,1952-03-31,-0.1
867,1952-04-30,0.02
868,1952-05-31,-0.02
869,1952-06-30,-0.04
870,1952-07-31,0.04
871,1952-08-31,0.04
872,1952-09-30,0.07
873,1952-10-31,-0.01
874,1952-11-30,-0.14
875,1952-12-31,-0.01
876,1953-01-31,0.08
877,1953-02-28,0.14
878,1953-03-31,0.11
879,1953-04-30,0.18
880,1953-05-31,0.09
881,1953-06-30,0.1
882,1953-07-31,0.0
883,1953-08-31,0.06
884,1953-09-30,0.04
885,1953-10-31,0.06
886,1953-11-30,-0.06
887,1953-12-31,0.02
888,1954-01-31,-0.28
889,1954-02-28,-0.13
890,1954-03-31,-0.15
891,1954-04-30,-0.17
892,1954-05-31,-0.21
893,1954-06-30,-0.17
894,1954-07-31,-0.19
895,1954-08-31,-0.17
896,1954-09-30,-0.1
897,1954-10-31,-0.04
898,1954-11-30,0.06
899,1954-12-31,-0.22
900,1955-01-31,0.14
901,1955-02-28,-0.17
902,1955-03-31,-0.34
903,1955-04-30,-0.21
904,1955-05-31,-0.21
905,1955-06-30,-0.12
906,1955-07-31,-0.12
907,1955-08-31,0.01
908,1955-09-30,-0.11
909,1955-10-31,-0.05
910,1955-11-30,-0.24
911,1955-12-31,-0.3
912,1956-01-31,-0.16
913,1956-02-29,-0.26
914,1956-03-31,-0.23
915,1956-04-30,-0.27
916,1956-05-31,-0.31
917,1956-06-30,-0.16
918,1956-07-31,-0.12
919,1956-08-31,-0.26
920,1956-09-30,-0.2
921,1956-10-31,-0.24
922,1956-11-30,-0.17
923,1956-12-31,-0.08
924,1957-01-31,-0.11
925,1957-02-28,-0.04
926,1957-03-31,-0.06
927,1957-04-30,-0.01
928,1957-05-31,0.09
929,1957-06-30,0.16
930,1957-07-31,0.01
931,1957-08-31,0.15
932,1957-09-30,0.09
933,1957-10-31,0.01
934,1957-11-30,0.06
935,1957-12-31,0.16
936,1958-01-31,0.39
937,1958-02-28,0.24
938,1958-03-31,0.11
939,1958-04-30,0.03
940,1958-05-31,0.07
941,1958-06-30,-0.07
942,1958-07-31,0.05
943,1958-08-31,-0.03
944,1958-09-30,-0.02
945,1958-10-31,0.04
946,1958-11-30,0.02
947,1958-12-31,0.0
948,1959-01-31,0.08
949,1959-02-28,0.09
950,1959-03-31,0.18
951,1959-04-30,0.13
952,1959-05-31,0.04
953,1959-06-30,0.02
954,1959-07-31,0.06
955,1959-08-31,-0.01
956,1959-09-30,-0.06
957,1959-10-31,-0.09
958,1959-11-30,-0.09
959,1959-12-31,-0.01
960,1960-01-31,-0.01
961,1960-02-29,0.16
962,1960-03-31,-0.34
963,1960-04-30,-0.14
964,1960-05-31,-0.07
965,1960-06-30,-0.04
966,1960-07-31,-0.03
967,1960-08-31,0.01
968,1960-09-30,0.07
969,1960-10-31,0.07
970,1960-11-30,-0.12
971,1960-12-31,0.18
972,1961-01-31,0.07
973,1961-02-28,0.19
974,1961-03-31,0.09
975,1961-04-30,0.12
976,1961-05-31,0.11
977,1961-06-30,0.11
978,1961-07-31,0.0
979,1961-08-31,0.03
980,1961-09-30,0.07
981,1961-10-31,0.0
982,1961-11-30,0.03
983,1961-12-31,-0.15
984,1962-01-31,0.07
985,1962-02-28,0.14
986,1962-03-31,0.12
987,1962-04-30,0.04
988,1962-05-31,-0.04
989,1962-06-30,0.04
990,1962-07-31,0.02
991,1962-08-31,-0.01
992,1962-09-30,0.01
993,1962-10-31,0.0
994,1962-11-30,0.07
995,1962-12-31,0.0
996,1963-01-31,-0.02
997,1963-02-28,0.2
998,1963-03-31,-0.14
999,1963-04-30,-0.06
1000,1963-05-31,-0.04
1001,1963-06-30,0.05
1002,1963-07-31,0.08
1003,1963-08-31,0.27
1004,1963-09-30,0.2
1005,1963-10-31,0.15
1006,1963-11-30,0.15
1007,1963-12-31,-0.01
1008,1964-01-31,-0.08
1009,1964-02-29,-0.13
1010,1964-03-31,-0.23
1011,1964-04-30,-0.31
1012,1964-05-31,-0.25
1013,1964-06-30,-0.02
1014,1964-07-31,-0.03
1015,1964-08-31,-0.21
1016,1964-09-30,-0.29
1017,1964-10-31,-0.31
1018,1964-11-30,-0.21
1019,1964-12-31,-0.3
1020,1965-01-31,-0.08
1021,1965-02-28,-0.17
1022,1965-03-31,-0.11
1023,1965-04-30,-0.19
1024,1965-05-31,-0.14
1025,1965-06-30,-0.09
1026,1965-07-31,-0.12
1027,1965-08-31,-0.03
1028,1965-09-30,-0.16
1029,1965-10-31,-0.05
1030,1965-11-30,-0.07
1031,1965-12-31,-0.06
1032,1966-01-31,-0.17
1033,1966-02-28,-0.01
1034,1966-03-31,0.05
1035,1966-04-30,-0.12
1036,1966-05-31,-0.11
1037,1966-06-30,0.01
1038,1966-07-31,0.09
1039,1966-08-31,-0.08
1040,1966-09-30,-0.02
1041,1966-10-31,-0.15
1042,1966-11-30,-0.02
1043,1966-12-31,-0.06
1044,1967-01-31,-0.06
1045,1967-02-28,-0.21
1046,1967-03-31,0.04
1047,1967-04-30,-0.05
1048,1967-05-31,0.14
1049,1967-06-30,-0.08
1050,1967-07-31,0.01
1051,1967-08-31,0.01
1052,1967-09-30,-0.06
1053,1967-10-31,0.08
1054,1967-11-30,-0.07
1055,1967-12-31,-0.03
1056,1968-01-31,-0.25
1057,1968-02-29,-0.15
1058,1968-03-31,0.2
1059,1968-04-30,-0.06
1060,1968-05-31,-0.13
1061,1968-06-30,-0.08
1062,1968-07-31,-0.12
1063,1968-08-31,-0.09
1064,1968-09-30,-0.18
1065,1968-10-31,0.1
1066,1968-11-30,-0.03
1067,1968-12-31,-0.13
1068,1969-01-31,-0.11
1069,1969-02-28,-0.14
1070,1969-03-31,0.01
1071,1969-04-30,0.18
1072,1969-05-31,0.19
1073,1969-06-30,0.05
1074,1969-07-31,-0.02
1075,1969-08-31,0.03
1076,1969-09-30,0.09
1077,1969-10-31,0.13
1078,1969-11-30,0.13
1079,1969-12-31,0.27
1080,1970-01-31,0.09
1081,1970-02-28,0.22
1082,1970-03-31,0.08
1083,1970-04-30,0.09
1084,1970-05-31,-0.04
1085,1970-06-30,-0.02
1086,1970-07-31,-0.02
1087,1970-08-31,-0.09
1088,1970-09-30,0.11
1089,1970-10-31,0.06
1090,1970-11-30,0.02
1091,1970-12-31,-0.12
1092,1971-01-31,-0.02
1093,1971-02-28,-0.2
1094,1971-03-31,-0.17
1095,1971-04-30,-0.08
1096,1971-05-31,-0.05
1097,1971-06-30,-0.19
1098,1971-07-31,-0.11
1099,1971-08-31,-0.03
1100,1971-09-30,-0.04
1101,1971-10-31,-0.06
1102,1971-11-30,-0.05
1103,1971-12-31,-0.09
1104,1972-01-31,-0.24
1105,1972-02-29,-0.17
1106,1972-03-31,0.02
1107,1972-04-30,0.0
1108,1972-05-31,-0.04
1109,1972-06-30,0.06
1110,1972-07-31,0.01
1111,1972-08-31,0.17
1112,1972-09-30,0.02
1113,1972-10-31,0.09
1114,1972-11-30,0.04
1115,1972-12-31,0.2
1116,1973-01-31,0.29
1117,1973-02-28,0.31
1118,1973-03-31,0.27
1119,1973-04-30,0.26
1120,1973-05-31,0.26
1121,1973-06-30,0.18
1122,1973-07-31,0.1
1123,1973-08-31,0.03
1124,1973-09-30,0.1
1125,1973-10-31,0.14
1126,1973-11-30,0.06
1127,1973-12-31,-0.06
1128,1974-01-31,-0.15
1129,1974-02-28,-0.28
1130,1974-03-31,-0.05
1131,1974-04-30,-0.11
1132,1974-05-31,-0.02
1133,1974-06-30,-0.06
1134,1974-07-31,-0.04
1135,1974-08-31,0.11
1136,1974-09-30,-0.11
1137,1974-10-31,-0.08
1138,1974-11-30,-0.07
1139,1974-12-31,-0.09
1140,1975-01-31,0.07
1141,1975-02-28,0.07
1142,1975-03-31,0.13
1143,1975-04-30,0.05
1144,1975-05-31,0.16
1145,1975-06-30,0.01
1146,1975-07-31,-0.01
1147,1975-08-31,-0.19
1148,1975-09-30,-0.03
1149,1975-10-31,-0.09
1150,1975-11-30,-0.16
1151,1975-12-31,-0.17
1152,1976-01-31,-0.01
1153,1976-02-29,-0.06
1154,1976-03-31,-0.21
1155,1976-04-30,-0.08
1156,1976-05-31,-0.24
1157,1976-06-30,-0.16
1158,1976-07-31,-0.1
1159,1976-08-31,-0.14
1160,1976-09-30,-0.09
1161,1976-10-31,-0.26
1162,1976-11-30,-0.04
1163,1976-12-31,0.1
1164,1977-01-31,0.19
1165,1977-02-28,0.22
1166,1977-03-31,0.25
1167,1977-04-30,0.28
1168,1977-05-31,0.3
1169,1977-06-30,0.24
1170,1977-07-31,0.2
1171,1977-08-31,0.16
1172,1977-09-30,0.0
1173,1977-10-31,0.02
1174,1977-11-30,0.17
1175,1977-12-31,0.02
1176,1978-01-31,0.06
1177,1978-02-28,0.14
1178,1978-03-31,0.21
1179,1978-04-30,0.15
1180,1978-05-31,0.06
1181,1978-06-30,-0.02
1182,1978-07-31,0.03
1183,1978-08-31,-0.17
1184,1978-09-30,0.05
1185,1978-10-31,0.0
1186,1978-11-30,0.16
1187,1978-12-31,0.1
1188,1979-01-31,0.12
1189,1979-02-28,-0.11
1190,1979-03-31,0.18
1191,1979-04-30,0.13
1192,1979-05-31,0.05
1193,1979-06-30,0.13
1194,1979-07-31,0.02
1195,1979-08-31,0.14
1196,1979-09-30,0.25
1197,1979-10-31,0.24
1198,1979-11-30,0.28
1199,1979-12-31,0.47
1200,1980-01-31,0.3
1201,1980-02-29,0.42
1202,1980-03-31,0.3
1203,1980-04-30,0.33
1204,1980-05-31,0.36
1205,1980-06-30,0.17
1206,1980-07-31,0.28
1207,1980-08-31,0.23
1208,1980-09-30,0.19
1209,1980-10-31,0.18
1210,1980-11-30,0.29
1211,1980-12-31,0.2
1212,1981-01-31,0.55
1213,1981-02-28,0.41
1214,1981-03-31,0.49
1215,1981-04-30,0.32
1216,1981-05-31,0.24
1217,1981-06-30,0.32
1218,1981-07-31,0.34
1219,1981-08-31,0.32
1220,1981-09-30,0.17
1221,1981-10-31,0.14
1222,1981-11-30,0.24
1223,1981-12-31,0.43
1224,1982-01-31,0.1
1225,1982-02-28,0.15
1226,1982-03-31,-0.01
1227,1982-04-30,0.1
1228,1982-05-31,0.15
1229,1982-06-30,0.05
1230,1982-07-31,0.13
1231,1982-08-31,0.07
1232,1982-09-30,0.14
1233,1982-10-31,0.13
1234,1982-11-30,0.15
1235,1982-12-31,0.43
1236,1983-01-31,0.52
1237,1983-02-28,0.41
1238,1983-03-31,0.43
1239,1983-04-30,0.31
1240,1983-05-31,0.36
1241,1983-06-30,0.2
1242,1983-07-31,0.18
1243,1983-08-31,0.33
1244,1983-09-30,0.39
1245,1983-10-31,0.16
1246,1983-11-30,0.32
1247,1983-12-31,0.17
1248,1984-01-31,0.3
1249,1984-02-29,0.17
1250,1984-03-31,0.29
1251,1984-04-30,0.08
1252,1984-05-31,0.33
1253,1984-06-30,0.05
1254,1984-07-31,0.17
1255,1984-08-31,0.16
1256,1984-09-30,0.21
1257,1984-10-31,0.16
1258,1984-11-30,0.06
1259,1984-12-31,-0.05
1260,1985-01-31,0.22
1261,1985-02-28,-0.06
1262,1985-03-31,0.17
1263,1985-04-30,0.11
1264,1985-05-31,0.17
1265,1985-06-30,0.18
1266,1985-07-31,-0.01
1267,1985-08-31,0.15
1268,1985-09-30,0.15
1269,1985-10-31,0.11
1270,1985-11-30,0.08
1271,1985-12-31,0.15
1272,1986-01-31,0.28
1273,1986-02-28,0.39
1274,1986-03-31,0.27
1275,1986-04-30,0.24
1276,1986-05-31,0.24
1277,1986-06-30,0.11
1278,1986-07-31,0.11
1279,1986-08-31,0.12
1280,1986-09-30,0.0
1281,1986-10-31,0.13
1282,1986-11-30,0.11
1283,1986-12-31,0.16
1284,1987-01-31,0.36
1285,1987-02-28,0.46
1286,1987-03-31,0.16
1287,1987-04-30,0.22
1288,1987-05-31,0.25
1289,1987-06-30,0.37
1290,1987-07-31,0.45
1291,1987-08-31,0.28
1292,1987-09-30,0.39
1293,1987-10-31,0.32
1294,1987-11-30,0.25
1295,1987-12-31,0.48
1296,1988-01-31,0.58
1297,1988-02-29,0.43
1298,1988-03-31,0.51
1299,1988-04-30,0.45
1300,1988-05-31,0.43
1301,1988-06-30,0.43
1302,1988-07-31,0.34
1303,1988-08-31,0.47
1304,1988-09-30,0.41
1305,1988-10-31,0.39
1306,1988-11-30,0.12
1307,1988-12-31,0.33
1308,1989-01-31,0.15
1309,1989-02-28,0.35
1310,1989-03-31,0.36
1311,1989-04-30,0.33
1312,1989-05-31,0.16
1313,1989-06-30,0.14
1314,1989-07-31,0.34
1315,1989-08-31,0.37
1316,1989-09-30,0.37
1317,1989-10-31,0.32
1318,1989-11-30,0.2
1319,1989-12-31,0.38
1320,1990-01-31,0.41
1321,1990-02-28,0.41
1322,1990-03-31,0.77
1323,1990-04-30,0.55
1324,1990-05-31,0.46
1325,1990-06-30,0.38
1326,1990-07-31,0.43
1327,1990-08-31,0.31
1328,1990-09-30,0.29
1329,1990-10-31,0.41
1330,1990-11-30,0.46
1331,1990-12-31,0.41
1332,1991-01-31,0.41
1333,1991-02-28,0.49
1334,1991-03-31,0.35
1335,1991-04-30,0.52
1336,1991-05-31,0.38
1337,1991-06-30,0.53
1338,1991-07-31,0.48
1339,1991-08-31,0.4
1340,1991-09-30,0.48
1341,1991-10-31,0.3
1342,1991-11-30,0.31
1343,1991-12-31,0.32
1344,1992-01-31,0.44
1345,1992-02-29,0.42
1346,1992-03-31,0.48
1347,1992-04-30,0.24
1348,1992-05-31,0.32
1349,1992-06-30,0.25
1350,1992-07-31,0.12
1351,1992-08-31,0.07
1352,1992-09-30,0.0
1353,1992-10-31,0.09
1354,1992-11-30,0.03
1355,1992-12-31,0.22
1356,1993-01-31,0.37
1357,1993-02-28,0.39
1358,1993-03-31,0.36
1359,1993-04-30,0.27
1360,1993-05-31,0.27
1361,1993-06-30,0.25
1362,1993-07-31,0.28
1363,1993-08-31,0.13
1364,1993-09-30,0.1
1365,1993-10-31,0.22
1366,1993-11-30,0.06
1367,1993-12-31,0.16
1368,1994-01-31,0.27
1369,1994-02-28,0.02
1370,1994-03-31,0.27
1371,1994-04-30,0.4
1372,1994-05-31,0.28
1373,1994-06-30,0.42
1374,1994-07-31,0.3
1375,1994-08-31,0.21
1376,1994-09-30,0.29
1377,1994-10-31,0.41
1378,1994-11-30,0.46
1379,1994-12-31,0.36
1380,1995-01-31,0.51
1381,1995-02-28,0.78
1382,1995-03-31,0.45
1383,1995-04-30,0.47
1384,1995-05-31,0.26
1385,1995-06-30,0.41
1386,1995-07-31,0.48
1387,1995-08-31,0.46
1388,1995-09-30,0.32
1389,1995-10-31,0.47
1390,1995-11-30,0.45
1391,1995-12-31,0.28
1392,1996-01-31,0.25
1393,1996-02-29,0.48
1394,1996-03-31,0.32
1395,1996-04-30,0.36
1396,1996-05-31,0.27
1397,1996-06-30,0.25
1398,1996-07-31,0.35
1399,1996-08-31,0.49
1400,1996-09-30,0.25
1401,1996-10-31,0.19
1402,1996-11-30,0.41
1403,1996-12-31,0.4
1404,1997-01-31,0.31
1405,1997-02-28,0.38
1406,1997-03-31,0.53
1407,1997-04-30,0.36
1408,1997-05-31,0.36
1409,1997-06-30,0.53
1410,1997-07-31,0.35
1411,1997-08-31,0.41
1412,1997-09-30,0.53
1413,1997-10-31,0.62
1414,1997-11-30,0.65
1415,1997-12-31,0.59
1416,1998-01-31,0.6
1417,1998-02-28,0.9
1418,1998-03-31,0.63
1419,1998-04-30,0.63
1420,1998-05-31,0.69
1421,1998-06-30,0.77
1422,1998-07-31,0.68
1423,1998-08-31,0.66
1424,1998-09-30,0.42
1425,1998-10-31,0.44
1426,1998-11-30,0.49
1427,1998-12-31,0.56
1428,1999-01-31,0.48
1429,1999-02-28,0.65
1430,1999-03-31,0.34
1431,1999-04-30,0.32
1432,1999-05-31,0.31
1433,1999-06-30,0.37
1434,1999-07-31,0.37
1435,1999-08-31,0.31
1436,1999-09-30,0.41
1437,1999-10-31,0.39
1438,1999-11-30,0.38
1439,1999-12-31,0.43
1440,2000-01-31,0.23
1441,2000-02-29,0.56
1442,2000-03-31,0.57
1443,2000-04-30,0.57
1444,2000-05-31,0.36
1445,2000-06-30,0.41
1446,2000-07-31,0.38
1447,2000-08-31,0.42
1448,2000-09-30,0.4
1449,2000-10-31,0.28
1450,2000-11-30,0.32
1451,2000-12-31,0.29
1452,2001-01-31,0.42
1453,2001-02-28,0.43
1454,2001-03-31,0.55
1455,2001-04-30,0.5
1456,2001-05-31,0.56
1457,2001-06-30,0.54
1458,2001-07-31,0.6
1459,2001-08-31,0.48
1460,2001-09-30,0.53
1461,2001-10-31,0.5
1462,2001-11-30,0.69
1463,2001-12-31,0.55
1464,2002-01-31,0.75
1465,2002-02-28,0.75
1466,2002-03-31,0.89
1467,2002-04-30,0.56
1468,2002-05-31,0.63
1469,2002-06-30,0.55
1470,2002-07-31,0.61
1471,2002-08-31,0.53
1472,2002-09-30,0.62
1473,2002-10-31,0.55
1474,2002-11-30,0.58
1475,2002-12-31,0.43
1476,2003-01-31,0.73
1477,2003-02-28,0.55
1478,2003-03-31,0.57
1479,2003-04-30,0.53
1480,2003-05-31,0.6
1481,2003-06-30,0.47
1482,2003-07-31,0.53
1483,2003-08-31,0.65
1484,2003-09-30,0.64
1485,2003-10-31,0.74
1486,2003-11-30,0.52
1487,2003-12-31,0.73
1488,2004-01-31,0.58
1489,2004-02-29,0.72
1490,2004-03-31,0.64
1491,2004-04-30,0.62
1492,2004-05-31,0.38
1493,2004-06-30,0.42
1494,2004-07-31,0.24
1495,2004-08-31,0.43
1496,2004-09-30,0.5
1497,2004-10-31,0.64
1498,2004-11-30,0.7
1499,2004-12-31,0.51
1500,2005-01-31,0.72
1501,2005-02-28,0.57
1502,2005-03-31,0.69
1503,2005-04-30,0.66
1504,2005-05-31,0.62
1505,2005-06-30,0.66
1506,2005-07-31,0.63
1507,2005-08-31,0.6
1508,2005-09-30,0.74
1509,2005-10-31,0.75
1510,2005-11-30,0.71
1511,2005-12-31,0.65
1512,2006-01-31,0.56
1513,2006-02-28,0.69
1514,2006-03-31,0.62
1515,2006-04-30,0.5
1516,2006-05-31,0.46
1517,2006-06-30,0.64
1518,2006-07-31,0.52
1519,2006-08-31,0.7
1520,2006-09-30,0.61
1521,2006-10-31,0.67
1522,2006-11-30,0.7
1523,2006-12-31,0.73
1524,2007-01-31,0.95
1525,2007-02-28,0.7
1526,2007-03-31,0.69
1527,2007-04-30,0.73
1528,2007-05-31,0.66
1529,2007-06-30,0.59
1530,2007-07-31,0.6
1531,2007-08-31,0.57
1532,2007-09-30,0.59
1533,2007-10-31,0.57
1534,2007-11-30,0.54
1535,2007-12-31,0.46
1536,2008-01-31,0.23
1537,2008-02-29,0.34
1538,2008-03-31,0.73
1539,2008-04-30,0.51
1540,2008-05-31,0.47
1541,2008-06-30,0.46
1542,2008-07-31,0.59
1543,2008-08-31,0.44
1544,2008-09-30,0.62
1545,2008-10-31,0.63
1546,2008-11-30,0.64
1547,2008-12-31,0.53
1548,2009-01-31,0.61
1549,2009-02-28,0.51
1550,2009-03-31,0.52
1551,2009-04-30,0.58
1552,2009-05-31,0.64
1553,2009-06-30,0.65
1554,2009-07-31,0.69
1555,2009-08-31,0.66
1556,2009-09-30,0.68
1557,2009-10-31,0.63
1558,2009-11-30,0.76
1559,2009-12-31,0.65
1560,2010-01-31,0.73
1561,2010-02-28,0.79
1562,2010-03-31,0.91
1563,2010-04-30,0.85
1564,2010-05-31,0.73
1565,2010-06-30,0.62
1566,2010-07-31,0.59
1567,2010-08-31,0.63
1568,2010-09-30,0.59
1569,2010-10-31,0.69
1570,2010-11-30,0.77
1571,2010-12-31,0.46
1572,2011-01-31,0.48
1573,2011-02-28,0.51
1574,2011-03-31,0.62
1575,2011-04-30,0.62
1576,2011-05-31,0.51
1577,2011-06-30,0.57
1578,2011-07-31,0.71
1579,2011-08-31,0.71
1580,2011-09-30,0.54
1581,2011-10-31,0.63
1582,2011-11-30,0.56
1583,2011-12-31,0.53
1584,2012-01-31,0.45
1585,2012-02-29,0.48
1586,2012-03-31,0.56
1587,2012-04-30,0.68
1588,2012-05-31,0.75
1589,2012-06-30,0.63
1590,2012-07-31,0.53
1591,2012-08-31,0.62
1592,2012-09-30,0.72
1593,2012-10-31,0.74
1594,2012-11-30,0.73
1595,2012-12-31,0.52
1596,2013-01-31,0.67
1597,2013-02-28,0.56
1598,2013-03-31,0.65
1599,2013-04-30,0.53
1600,2013-05-31,0.58
1601,2013-06-30,0.66
1602,2013-07-31,0.57
1603,2013-08-31,0.66
1604,2013-09-30,0.78
1605,2013-10-31,0.67
1606,2013-11-30,0.78
1607,2013-12-31,0.65
1608,2014-01-31,0.73
1609,2014-02-28,0.52
1610,2014-03-31,0.76
1611,2014-04-30,0.77
1612,2014-05-31,0.85
1613,2014-06-30,0.66
1614,2014-07-31,0.56
1615,2014-08-31,0.81
1616,2014-09-30,0.88
1617,2014-10-31,0.81
1618,2014-11-30,0.66
1619,2014-12-31,0.77
1620,2015-01-31,0.81
1621,2015-02-28,0.87
1622,2015-03-31,0.9
1623,2015-04-30,0.75
1624,2015-05-31,0.75
1625,2015-06-30,0.79
1626,2015-07-31,0.71
1627,2015-08-31,0.79
1628,2015-09-30,0.82
1629,2015-10-31,1.07
1630,2015-11-30,1.03
1631,2015-12-31,1.1
1632,2016-01-31,1.15
1633,2016-02-29,1.35
1634,2016-03-31,1.31
1635,2016-04-30,1.07
1636,2016-05-31,0.91
1637,2016-06-30,0.77
1638,2016-07-31,0.82
1639,2016-08-31,1.0
1640,2016-09-30,0.88
1641,2016-10-31,0.9
1642,2016-11-30,0.91
1643,2016-12-31,0.83
1644,2017-01-31,0.98
1645,2017-02-28,1.13
1646,2017-03-31,1.13
1647,2017-04-30,0.92
1648,2017-05-31,0.89
1649,2017-06-30,0.7
1650,2017-07-31,0.82
1651,2017-08-31,0.87
1652,2017-09-30,0.76
1653,2017-10-31,0.88
1654,2017-11-30,0.86
1655,2017-12-31,0.89
1656,2018-01-31,0.77
1657,2018-02-28,0.85
1658,2018-03-31,0.91
1659,2018-04-30,0.87
1660,2018-05-31,0.81
1661,2018-06-30,0.74
1662,2018-07-31,0.78
1663,2018-08-31,0.73
1664,2018-09-30,0.76
1665,2018-10-31,0.99
1666,2018-11-30,0.78
1667,2018-12-31,0.89
