original_period,original_value
2012-01-01,10.163
2012-01-02,12.088
2012-01-03,10.538
2012-01-04,7.913
2012-01-05,9.3
2012-01-06,13.088
2012-01-07,6.563
2012-01-08,7.313
2012-01-09,8.25
2012-01-10,8.3
2012-01-11,7.875
2012-01-12,7.663
2012-01-13,10.513
2012-01-14,9.925
2012-01-15,7.625
2012-01-16,8.038
2012-01-17,7.2
2012-01-18,7.288
2012-01-19,7.75
2012-01-20,11.588
2012-01-21,11.288
2012-01-22,9.225
2012-01-23,10.013
2012-01-24,10.888
2012-01-25,8.338
2012-01-26,8.613
2012-01-27,10.713
2012-01-28,10.05
2012-01-29,8.613
2012-01-30,9.125
2012-01-31,7.213
2012-02-01,5.613
2012-02-02,5.15
2012-02-03,6.4
2012-02-04,2.9
2012-02-05,3.075
2012-02-06,1.35
2012-02-07,2.463
2012-02-08,5.863
2012-02-09,5.888
2012-02-10,6.075
2012-02-11,1.813
2012-02-12,2.113
2012-02-13,2.6
2012-02-14,2.95
2012-02-15,4.325
2012-02-16,7.0
2012-02-17,7.725
2012-02-18,8.7
2012-02-19,8.813
2012-02-20,8.063
2012-02-21,7.413
2012-02-22,8.513
2012-02-23,9.113
2012-02-24,9.213
2012-02-25,10.038
2012-02-26,11.538
2012-02-27,8.7
2012-02-28,8.888
2012-02-29,8.975
2012-03-01,9.875
2012-03-02,9.7
2012-03-03,10.163
2012-03-04,10.413
2012-03-05,8.388
2012-03-06,7.888
2012-03-07,7.55
2012-03-08,8.663
2012-03-09,9.275
2012-03-10,9.15
2012-03-11,9.425
2012-03-12,10.013
2012-03-13,10.563
2012-03-14,11.325
2012-03-15,10.288
2012-03-16,9.463
2012-03-17,11.513
2012-03-18,12.563
2012-03-19,12.925
2012-03-20,10.75
2012-03-21,14.663
2012-03-22,15.838
2012-03-23,13.35
2012-03-24,14.075
2012-03-25,12.238
2012-03-26,12.188
2012-03-27,12.375
2012-03-28,12.438
2012-03-29,12.15
2012-03-30,12.3
2012-03-31,13.063
2012-04-01,14.163
2012-04-02,13.263
2012-04-03,15.5
2012-04-04,14.8
2012-04-05,14.75
2012-04-06,14.475
2012-04-07,14.05
2012-04-08,12.613
2012-04-09,11.95
2012-04-10,13.35
2012-04-11,14.238
2012-04-12,13.4
2012-04-13,12.538
2012-04-14,12.363
2012-04-15,11.8
2012-04-16,12.488
2012-04-17,12.413
2012-04-18,11.338
2012-04-19,10.863
2012-04-20,12.625
2012-04-21,14.475
2012-04-22,14.3
2012-04-23,12.275
2012-04-24,12.9
2012-04-25,13.775
2012-04-26,16.038
2012-04-27,16.575
2012-04-28,23.988
2012-04-29,18.275
2012-04-30,17.038
2012-05-01,14.525
2012-05-02,13.725
2012-05-03,13.888
2012-05-04,13.913
2012-05-05,16.013
2012-05-06,15.9
2012-05-07,15.55
2012-05-08,15.238
2012-05-09,17.413
2012-05-10,16.638
2012-05-11,17.638
2012-05-12,18.913
2012-05-13,17.913
2012-05-14,18.088
2012-05-15,15.663
2012-05-16,16.413
2012-05-17,14.725
2012-05-18,16.063
2012-05-19,19.163
2012-05-20,15.288
2012-05-21,14.763
2012-05-22,14.45
2012-05-23,15.413
2012-05-24,17.3
2012-05-25,18.788
2012-05-26,18.838
2012-05-27,19.288
2012-05-28,19.088
2012-05-29,19.213
2012-05-30,18.913
2012-05-31,19.013
2012-06-01,20.4
2012-06-02,NA
2012-06-03,NA
2012-06-04,NA
2012-06-05,18.45
2012-06-06,19.075
2012-06-07,22.375
2012-06-08,26.4
2012-06-09,22.075
2012-06-10,19.65
2012-06-11,21.613
2012-06-12,20.213
2012-06-13,19.588
2012-06-14,18.925
2012-06-15,20.463
2012-06-16,21.938
2012-06-17,22.525
2012-06-18,23.238
2012-06-19,24.175
2012-06-20,27.113
2012-06-21,23.763
2012-06-22,22.888
2012-06-23,22.513
2012-06-24,21.838
2012-06-25,22.488
2012-06-26,23.413
2012-06-27,23.838
2012-06-28,24.3
2012-06-29,25.588
2012-06-30,26.038
2012-07-01,27.825
2012-07-02,23.763
2012-07-03,22.225
2012-07-04,22.213
2012-07-05,23.6
2012-07-06,24.013
2012-07-07,23.813
2012-07-08,25.15
2012-07-09,24.45
2012-07-10,24.313
2012-07-11,24.225
2012-07-12,23.438
2012-07-13,22.138
2012-07-14,23.575
2012-07-15,22.85
2012-07-16,21.838
2012-07-17,22.688
2012-07-18,24.238
2012-07-19,23.238
2012-07-20,NA
2012-07-21,22.463
2012-07-22,22.363
2012-07-23,22.788
2012-07-24,23.513
2012-07-25,23.775
2012-07-26,24.113
2012-07-27,24.55
2012-07-28,26.55
2012-07-29,25.188
2012-07-30,23.475
2012-07-31,22.913
2012-08-01,24.413
2012-08-02,24.838
2012-08-03,24.775
2012-08-04,24.375
2012-08-05,25.0
2012-08-06,25.9
2012-08-07,25.113
2012-08-08,22.5
2012-08-09,23.088
2012-08-10,23.925
2012-08-11,24.663
2012-08-12,24.125
2012-08-13,24.6
2012-08-14,24.075
2012-08-15,23.788
2012-08-16,24.113
2012-08-17,25.425
2012-08-18,25.988
2012-08-19,26.613
2012-08-20,26.938
2012-08-21,25.525
2012-08-22,25.438
2012-08-23,26.063
2012-08-24,26.688
2012-08-25,26.375
2012-08-26,24.663
2012-08-27,22.713
2012-08-28,23.288
2012-08-29,23.463
2012-08-30,25.063
2012-08-31,22.4
2012-09-01,19.35
2012-09-02,19.825
2012-09-03,19.838
2012-09-04,18.988
2012-09-05,19.963
2012-09-06,21.963
2012-09-07,22.2
2012-09-08,22.638
2012-09-09,22.125
2012-09-10,21.425
2012-09-11,21.45
2012-09-12,21.113
2012-09-13,19.363
2012-09-14,18.8
2012-09-15,19.15
2012-09-16,19.35
2012-09-17,19.275
2012-09-18,19.7
2012-09-19,19.425
2012-09-20,18.8
2012-09-21,19.45
2012-09-22,20.5
2012-09-23,21.525
2012-09-24,20.875
2012-09-25,21.575
2012-09-26,22.663
2012-09-27,21.175
2012-09-28,20.663
2012-09-29,22.5
2012-09-30,20.163
2012-10-01,18.525
2012-10-02,18.938
2012-10-03,17.825
2012-10-04,18.463
2012-10-05,17.763
2012-10-06,18.763
2012-10-07,20.288
2012-10-08,20.525
2012-10-09,19.688
2012-10-10,19.388
2012-10-11,19.313
2012-10-12,19.25
2012-10-13,17.6
2012-10-14,16.95
2012-10-15,15.75
2012-10-16,15.475
2012-10-17,17.063
2012-10-18,17.375
2012-10-19,20.463
2012-10-20,20.3
2012-10-21,20.425
2012-10-22,20.7
2012-10-23,18.975
2012-10-24,18.075
2012-10-25,17.638
2012-10-26,16.575
2012-10-27,17.275
2012-10-28,9.8
2012-10-29,9.963
2012-10-30,12.275
2012-10-31,14.263
2012-11-01,16.075
2012-11-02,14.338
2012-11-03,14.938
2012-11-04,18.338
2012-11-05,17.05
2012-11-06,13.325
2012-11-07,11.963
2012-11-08,11.563
2012-11-09,12.563
2012-11-10,16.088
2012-11-11,16.2
2012-11-12,15.413
2012-11-13,17.363
2012-11-14,16.1
2012-11-15,15.263
2012-11-16,13.813
2012-11-17,12.613
2012-11-18,13.875
2012-11-19,14.525
2012-11-20,14.075
2012-11-21,13.3
2012-11-22,13.6
2012-11-23,15.013
2012-11-24,12.625
2012-11-25,12.538
2012-11-26,12.663
2012-11-27,13.775
2012-11-28,13.063
2012-11-29,11.363
2012-11-30,10.675
2012-12-01,9.925
2012-12-02,9.763
2012-12-03,8.7
2012-12-04,12.413
2012-12-05,11.938
2012-12-06,10.075
2012-12-07,8.425
2012-12-08,8.425
2012-12-09,5.125
2012-12-10,9.088
2012-12-11,5.563
2012-12-12,5.138
2012-12-13,7.35
2012-12-14,10.513
2012-12-15,14.5
2012-12-16,11.563
2012-12-17,11.8
2012-12-18,11.725
2012-12-19,7.65
2012-12-20,8.088
2012-12-21,10.313
2012-12-22,8.313
2012-12-23,11.825
2012-12-24,11.288
2012-12-25,12.025
2012-12-26,10.8
2012-12-27,10.063
2012-12-28,11.763
2012-12-29,8.063
2012-12-30,8.438
2012-12-31,8.375
2013-01-01,9.213
2013-01-02,10.1
2013-01-03,9.4
2013-01-04,9.063
2013-01-05,10.738
2013-01-06,10.175
2013-01-07,10.2
2013-01-08,9.563
2013-01-09,11.05
2013-01-10,9.463
2013-01-11,10.113
2013-01-12,8.613
2013-01-13,9.075
2013-01-14,7.588
2013-01-15,6.675
2013-01-16,6.975
2013-01-17,5.088
2013-01-18,4.075
2013-01-19,9.325
2013-01-20,12.388
2013-01-21,8.95
2013-01-22,10.25
2013-01-23,8.863
2013-01-24,7.688
2013-01-25,6.413
2013-01-26,5.738
2013-01-27,6.65
2013-01-28,8.938
2013-01-29,7.95
2013-01-30,9.563
2013-01-31,10.313
2013-02-01,10.963
2013-02-02,11.025
2013-02-03,7.925
2013-02-04,6.188
2013-02-05,9.125
2013-02-06,9.613
2013-02-07,7.188
2013-02-08,4.925
2013-02-09,4.188
2013-02-10,4.513
2013-02-11,8.725
2013-02-12,6.0
2013-02-13,6.113
2013-02-14,6.113
2013-02-15,6.963
2013-02-16,7.65
2013-02-17,7.425
2013-02-18,8.138
2013-02-19,7.538
2013-02-20,6.063
2013-02-21,8.35
2013-02-22,7.138
2013-02-23,6.875
2013-02-24,4.238
2013-02-25,3.7
2013-02-26,6.75
2013-02-27,6.725
2013-02-28,7.95
2013-03-01,8.9
2013-03-02,11.813
2013-03-03,9.55
2013-03-04,9.3
2013-03-05,13.988
2013-03-06,15.15
2013-03-07,13.575
2013-03-08,12.713
2013-03-09,11.988
2013-03-10,11.438
2013-03-11,12.488
2013-03-12,11.238
2013-03-13,10.55
2013-03-14,9.188
2013-03-15,5.913
2013-03-16,7.0
2013-03-17,12.113
2013-03-18,12.688
2013-03-19,11.188
2013-03-20,10.75
2013-03-21,10.15
2013-03-22,10.925
2013-03-23,12.85
2013-03-24,13.538
2013-03-25,12.788
2013-03-26,12.6
2013-03-27,11.575
2013-03-28,13.0
2013-03-29,14.425
2013-03-30,13.713
2013-03-31,12.85
2013-04-01,10.975
2013-04-02,11.988
2013-04-03,12.025
2013-04-04,12.025
2013-04-05,12.325
2013-04-06,11.563
2013-04-07,13.0
2013-04-08,12.8
2013-04-09,12.463
2013-04-10,12.95
2013-04-11,12.9
2013-04-12,14.863
2013-04-13,12.975
2013-04-14,14.0
2013-04-15,14.563
2013-04-16,14.013
2013-04-17,14.738
2013-04-18,15.463
2013-04-19,14.788
2013-04-20,13.538
2013-04-21,10.988
2013-04-22,11.438
2013-04-23,12.3
2013-04-24,13.85
2013-04-25,18.088
2013-04-26,18.688
2013-04-27,15.7
2013-04-28,17.675
2013-04-29,23.963
2013-04-30,18.963
2013-05-01,17.7
2013-05-02,17.238
2013-05-03,16.588
2013-05-04,15.788
2013-05-05,16.025
2013-05-06,15.588
2013-05-07,16.638
2013-05-08,17.075
2013-05-09,18.1
2013-05-10,18.438
2013-05-11,15.725
2013-05-12,15.213
2013-05-13,15.313
2013-05-14,16.825
2013-05-15,18.313
2013-05-16,17.65
2013-05-17,15.438
2013-05-18,15.925
2013-05-19,16.55
2013-05-20,15.075
2013-05-21,13.988
2013-05-22,15.325
2013-05-23,16.725
2013-05-24,15.325
2013-05-25,14.425
2013-05-26,14.113
2013-05-27,14.025
2013-05-28,15.538
2013-05-29,15.55
2013-05-30,15.35
2013-05-31,16.388
2013-06-01,16.125
2013-06-02,16.675
2013-06-03,17.238
2013-06-04,18.388
2013-06-05,17.963
2013-06-06,18.563
2013-06-07,17.95
2013-06-08,18.975
2013-06-09,18.275
2013-06-10,16.9
2013-06-11,18.563
2013-06-12,18.763
2013-06-13,19.988
2013-06-14,20.713
2013-06-15,21.713
2013-06-16,22.263
2013-06-17,24.575
2013-06-18,29.938
2013-06-19,24.65
2013-06-20,22.513
2013-06-21,21.575
2013-06-22,20.538
2013-06-23,20.575
2013-06-24,19.213
2013-06-25,17.9
2013-06-26,19.188
2013-06-27,19.113
2013-06-28,19.3
2013-06-29,19.575
2013-06-30,20.413
2013-07-01,22.05
2013-07-02,21.175
2013-07-03,20.875
2013-07-04,22.588
2013-07-05,22.938
2013-07-06,22.975
2013-07-07,23.4
2013-07-08,23.838
2013-07-09,23.175
2013-07-10,24.138
2013-07-11,23.775
2013-07-12,23.45
2013-07-13,23.15
2013-07-14,23.888
2013-07-15,23.988
2013-07-16,24.225
2013-07-17,24.788
2013-07-18,24.25
2013-07-19,25.425
2013-07-20,25.2
2013-07-21,25.35
2013-07-22,25.05
2013-07-23,24.938
2013-07-24,25.05
2013-07-25,25.238
2013-07-26,26.1
2013-07-27,27.15
2013-07-28,28.15
2013-07-29,26.3
2013-07-30,24.488
2013-07-31,24.9
2013-08-01,25.188
2013-08-02,26.338
2013-08-03,27.038
2013-08-04,26.638
2013-08-05,25.75
2013-08-06,25.575
2013-08-07,28.725
2013-08-08,27.35
2013-08-09,23.45
2013-08-10,23.963
2013-08-11,24.513
2013-08-12,24.438
2013-08-13,23.9
2013-08-14,23.863
2013-08-15,24.263
2013-08-16,25.338
2013-08-17,24.738
2013-08-18,24.063
2013-08-19,24.375
2013-08-20,25.2
2013-08-21,24.05
2013-08-22,24.013
2013-08-23,24.025
2013-08-24,23.663
2013-08-25,22.988
2013-08-26,21.538
2013-08-27,21.875
2013-08-28,21.113
2013-08-29,22.475
2013-08-30,23.413
2013-08-31,22.9
2013-09-01,23.0
2013-09-02,22.488
2013-09-03,22.275
2013-09-04,22.888
2013-09-05,22.613
2013-09-06,22.9
2013-09-07,23.275
2013-09-08,23.738
2013-09-09,22.6
2013-09-10,19.975
2013-09-11,19.85
2013-09-12,18.763
2013-09-13,19.138
2013-09-14,19.163
2013-09-15,18.588
2013-09-16,19.0
2013-09-17,18.813
2013-09-18,18.588
2013-09-19,20.1
2013-09-20,18.475
2013-09-21,19.513
2013-09-22,19.288
2013-09-23,19.063
2013-09-24,18.663
2013-09-25,18.463
2013-09-26,18.688
2013-09-27,18.788
2013-09-28,20.138
2013-09-29,21.813
2013-09-30,20.488
2013-10-01,19.963
2013-10-02,20.125
2013-10-03,20.75
2013-10-04,22.2
2013-10-05,23.15
2013-10-06,20.213
2013-10-07,17.363
2013-10-08,NA
2013-10-09,18.013
2013-10-10,18.55
2013-10-11,16.388
2013-10-12,15.763
2013-10-13,17.738
2013-10-14,17.838
2013-10-15,18.25
2013-10-16,19.588
2013-10-17,17.825
2013-10-18,17.775
2013-10-19,17.638
2013-10-20,19.075
2013-10-21,20.113
2013-10-22,20.813
2013-10-23,21.938
2013-10-24,20.263
2013-10-25,19.513
2013-10-26,18.788
2013-10-27,19.15
2013-10-28,19.288
2013-10-29,18.763
2013-10-30,19.513
2013-10-31,18.3
2013-11-01,17.475
2013-11-02,16.863
2013-11-03,17.35
2013-11-04,15.675
2013-11-05,15.225
2013-11-06,17.125
2013-11-07,16.413
2013-11-08,16.85
2013-11-09,16.275
2013-11-10,14.413
2013-11-11,12.938
2013-11-12,17.363
2013-11-13,15.763
2013-11-14,14.975
2013-11-15,11.575
2013-11-16,NA
2013-11-17,NA
2013-11-18,NA
2013-11-19,13.288
2013-11-20,NA
2013-11-21,11.0
2013-11-22,8.05
2013-11-23,6.763
2013-11-24,7.038
2013-11-25,8.988
2013-11-26,6.8
2013-11-27,4.825
2013-11-28,4.65
2013-11-29,6.238
2013-11-30,6.813
2013-12-01,8.938
2013-12-02,12.538
2013-12-03,12.388
2013-12-04,10.875
2013-12-05,11.113
2013-12-06,10.175
2013-12-07,9.463
2013-12-08,11.088
2013-12-09,9.4
2013-12-10,9.038
2013-12-11,8.888
2013-12-12,9.625
2013-12-13,10.7
2013-12-14,10.55
2013-12-15,10.838
2013-12-16,8.85
2013-12-17,8.025
2013-12-18,7.363
2013-12-19,8.3
2013-12-20,11.425
2013-12-21,11.475
2013-12-22,10.6
2013-12-23,9.363
2013-12-24,11.638
2013-12-25,13.163
2013-12-26,11.138
2013-12-27,7.813
2013-12-28,9.413
2013-12-29,10.45
2013-12-30,8.313
2013-12-31,7.213
2014-01-01,7.913
2014-01-02,12.538
2014-01-03,13.363
2014-01-04,14.025
2014-01-05,10.425
2014-01-06,9.025
2014-01-07,NA
2014-01-08,9.35
2014-01-09,9.463
2014-01-10,9.05
2014-01-11,9.775
2014-01-12,10.825
2014-01-13,10.425
2014-01-14,10.725
2014-01-15,9.163
2014-01-16,9.525
2014-01-17,11.6
2014-01-18,NA
2014-01-19,10.538
2014-01-20,10.413
2014-01-21,10.413
2014-01-22,9.438
2014-01-23,9.163
2014-01-24,8.8
2014-01-25,6.85
2014-01-26,8.563
2014-01-27,11.163
2014-01-28,7.913
2014-01-29,6.675
2014-01-30,9.95
2014-01-31,8.988
2014-02-01,7.313
2014-02-02,8.488
2014-02-03,9.663
2014-02-04,8.6
2014-02-05,NA
2014-02-06,11.663
2014-02-07,NA
2014-02-08,11.338
2014-02-09,11.313
2014-02-10,10.813
2014-02-11,9.963
2014-02-12,9.938
2014-02-13,9.888
2014-02-14,11.988
2014-02-15,13.013
2014-02-16,13.15
2014-02-17,12.488
2014-02-18,11.55
2014-02-19,12.988
2014-02-20,11.45
2014-02-21,10.413
2014-02-22,9.7
2014-02-23,9.95
2014-02-24,9.488
2014-02-25,8.788
2014-02-26,10.088
2014-02-27,9.65
2014-02-28,9.925
2014-03-01,8.413
2014-03-02,9.913
2014-03-03,8.825
2014-03-04,8.65
2014-03-05,8.588
2014-03-06,8.95
2014-03-07,10.075
2014-03-08,10.538
2014-03-09,10.775
2014-03-10,10.188
2014-03-11,9.875
2014-03-12,9.588
2014-03-13,9.913
2014-03-14,9.888
2014-03-15,10.663
2014-03-16,11.225
2014-03-17,11.7
2014-03-18,12.263
2014-03-19,11.013
2014-03-20,12.688
2014-03-21,12.925
2014-03-22,13.45
2014-03-23,12.088
2014-03-24,10.375
2014-03-25,9.238
2014-03-26,8.95
2014-03-27,11.15
2014-03-28,11.825
2014-03-29,11.725
2014-03-30,13.75
2014-03-31,12.775
2014-04-01,13.0
2014-04-02,14.413
2014-04-03,19.725
2014-04-04,11.95
2014-04-05,12.163
2014-04-06,13.05
2014-04-07,13.5
2014-04-08,13.6
2014-04-09,14.05
2014-04-10,13.225
2014-04-11,13.563
2014-04-12,14.863
2014-04-13,14.388
2014-04-14,14.425
2014-04-15,14.775
2014-04-16,12.063
2014-04-17,11.538
2014-04-18,12.375
2014-04-19,14.263
2014-04-20,13.788
2014-04-21,16.338
2014-04-22,15.925
2014-04-23,16.55
2014-04-24,15.1
2014-04-25,15.213
2014-04-26,16.563
2014-04-27,14.463
2014-04-28,15.525
2014-04-29,16.163
2014-04-30,14.35
2014-05-01,14.688
2014-05-02,14.725
2014-05-03,14.913
2014-05-04,15.125
2014-05-05,15.138
2014-05-06,15.725
2014-05-07,16.213
2014-05-08,15.75
2014-05-09,16.375
2014-05-10,17.175
2014-05-11,16.963
2014-05-12,17.075
2014-05-13,15.538
2014-05-14,15.45
2014-05-15,15.025
2014-05-16,14.863
2014-05-17,14.863
2014-05-18,17.05
2014-05-19,17.425
2014-05-20,18.775
2014-05-21,20.338
2014-05-22,20.038
2014-05-23,18.788
2014-05-24,17.35
2014-05-25,16.888
2014-05-26,17.663
2014-05-27,16.05
2014-05-28,17.138
2014-05-29,17.963
2014-05-30,18.125
2014-05-31,17.625
2014-06-01,18.675
2014-06-02,19.15
2014-06-03,18.338
2014-06-04,18.763
2014-06-05,19.363
2014-06-06,20.35
2014-06-07,21.213
2014-06-08,21.988
2014-06-09,22.85
2014-06-10,23.75
2014-06-11,24.325
2014-06-12,23.188
2014-06-13,22.95
2014-06-14,23.163
2014-06-15,22.138
2014-06-16,20.575
2014-06-17,19.675
2014-06-18,19.875
2014-06-19,20.2
2014-06-20,20.85
2014-06-21,21.775
2014-06-22,23.2
2014-06-23,25.425
2014-06-24,23.825
2014-06-25,24.063
2014-06-26,22.425
2014-06-27,22.975
2014-06-28,23.088
2014-06-29,24.413
2014-06-30,21.938
2014-07-01,20.975
2014-07-02,22.563
2014-07-03,26.963
2014-07-04,26.263
2014-07-05,22.925
2014-07-06,23.038
2014-07-07,26.0
2014-07-08,21.738
2014-07-09,22.313
2014-07-10,21.063
2014-07-11,20.25
2014-07-12,20.763
2014-07-13,20.663
2014-07-14,20.75
2014-07-15,21.413
2014-07-16,22.675
2014-07-17,23.363
2014-07-18,23.875
2014-07-19,24.813
2014-07-20,26.6
2014-07-21,22.925
2014-07-22,22.1
2014-07-23,22.288
2014-07-24,23.35
2014-07-25,23.5
2014-07-26,24.175
2014-07-27,23.288
2014-07-28,23.463
2014-07-29,20.388
2014-07-30,20.938
2014-07-31,22.25
2014-08-01,22.488
2014-08-02,23.65
2014-08-03,24.175
2014-08-04,23.5
2014-08-05,23.025
2014-08-06,22.65
2014-08-07,22.75
2014-08-08,23.788
2014-08-09,24.55
2014-08-10,26.025
2014-08-11,25.188
2014-08-12,24.85
2014-08-13,24.025
2014-08-14,21.525
2014-08-15,21.35
2014-08-16,20.575
2014-08-17,20.25
2014-08-18,21.25
2014-08-19,23.8
2014-08-20,22.488
2014-08-21,21.95
2014-08-22,21.3
2014-08-23,22.088
2014-08-24,20.6
2014-08-25,20.888
2014-08-26,22.7
2014-08-27,22.513
2014-08-28,21.963
2014-08-29,22.45
2014-08-30,23.625
2014-08-31,22.963
2014-09-01,23.338
2014-09-02,21.638
2014-09-03,20.938
2014-09-04,21.45
2014-09-05,22.063
2014-09-06,21.688
2014-09-07,22.175
2014-09-08,22.563
2014-09-09,22.238
2014-09-10,22.225
2014-09-11,22.438
2014-09-12,21.9
2014-09-13,21.638
2014-09-14,21.575
2014-09-15,20.65
2014-09-16,21.875
2014-09-17,22.5
2014-09-18,23.363
2014-09-19,24.775
2014-09-20,24.525
2014-09-21,22.3
2014-09-22,21.863
2014-09-23,19.05
2014-09-24,18.688
2014-09-25,NA
2014-09-26,19.3
2014-09-27,20.138
2014-09-28,20.388
2014-09-29,20.275
2014-09-30,20.638
2014-10-01,21.713
2014-10-02,21.0
2014-10-03,19.825
2014-10-04,19.2
2014-10-05,19.263
2014-10-06,19.3
2014-10-07,20.675
2014-10-08,20.75
2014-10-09,23.113
2014-10-10,21.088
2014-10-11,20.275
2014-10-12,20.688
2014-10-13,23.013
2014-10-14,21.25
2014-10-15,21.438
2014-10-16,21.238
2014-10-17,21.963
2014-10-18,20.425
2014-10-19,19.938
2014-10-20,19.088
2014-10-21,21.025
2014-10-22,20.563
2014-10-23,14.725
2014-10-24,15.625
2014-10-25,15.913
2014-10-26,16.813
2014-10-27,16.95
2014-10-28,16.238
2014-10-29,15.963
2014-10-30,15.075
2014-10-31,14.588
2014-11-01,15.163
2014-11-02,14.963
2014-11-03,15.05
2014-11-04,19.588
2014-11-05,15.538
2014-11-06,14.7
2014-11-07,14.65
2014-11-08,14.263
2014-11-09,13.813
2014-11-10,15.963
2014-11-11,16.575
2014-11-12,14.363
2014-11-13,14.675
2014-11-14,14.5
2014-11-15,15.638
2014-11-16,11.65
2014-11-17,11.925
2014-11-18,12.688
2014-11-19,12.913
2014-11-20,12.65
2014-11-21,12.738
2014-11-22,13.913
2014-11-23,16.488
2014-11-24,16.025
2014-11-25,16.525
2014-11-26,16.05
2014-11-27,16.175
2014-11-28,20.35
2014-11-29,20.775
2014-11-30,20.525
2014-12-01,14.788
2014-12-02,13.325
2014-12-03,13.225
2014-12-04,13.613
2014-12-05,13.2
2014-12-06,12.625
2014-12-07,10.725
2014-12-08,9.988
2014-12-09,7.963
2014-12-10,7.675
2014-12-11,9.25
2014-12-12,9.875
2014-12-13,12.663
2014-12-14,9.913
2014-12-15,10.925
2014-12-16,10.338
2014-12-17,10.9
2014-12-18,11.463
2014-12-19,11.963
2014-12-20,12.1
2014-12-21,11.113
2014-12-22,11.1
2014-12-23,12.25
2014-12-24,12.325
2014-12-25,10.625
2014-12-26,9.638
2014-12-27,8.713
2014-12-28,9.725
2014-12-29,5.638
2014-12-30,4.363
2014-12-31,5.1
2015-01-01,4.725
2015-01-02,6.875
2015-01-03,9.9
2015-01-04,12.263
2015-01-05,8.3
2015-01-06,9.763
2015-01-07,10.038
2015-01-08,9.863
2015-01-09,10.863
2015-01-10,11.425
2015-01-11,11.263
2015-01-12,8.775
2015-01-13,7.85
2015-01-14,9.388
2015-01-15,9.15
2015-01-16,12.563
2015-01-17,11.563
2015-01-18,7.125
2015-01-19,7.25
2015-01-20,8.463
2015-01-21,8.875
2015-01-22,8.825
2015-01-23,8.3
2015-01-24,8.488
2015-01-25,7.775
2015-01-26,6.225
2015-01-27,7.175
2015-01-28,7.15
2015-01-29,8.55
2015-01-30,11.888
2015-01-31,9.575
2015-02-01,9.4
2015-02-02,7.188
2015-02-03,7.475
2015-02-04,9.975
2015-02-05,8.4
2015-02-06,7.013
2015-02-07,7.75
2015-02-08,7.05
2015-02-09,6.425
2015-02-10,7.113
2015-02-11,8.125
2015-02-12,9.013
2015-02-13,8.913
2015-02-14,8.85
2015-02-15,8.963
2015-02-16,9.338
2015-02-17,11.125
2015-02-18,9.738
2015-02-19,8.95
2015-02-20,8.263
2015-02-21,9.3
2015-02-22,9.963
2015-02-23,9.5
2015-02-24,9.413
2015-02-25,9.863
2015-02-26,10.738
2015-02-27,10.738
2015-02-28,8.825
2015-03-01,8.588
2015-03-02,12.4
2015-03-03,11.9
2015-03-04,11.35
2015-03-05,9.438
2015-03-06,9.5
2015-03-07,8.363
2015-03-08,8.75
2015-03-09,8.138
2015-03-10,9.675
2015-03-11,10.425
2015-03-12,11.388
2015-03-13,9.738
2015-03-14,11.538
2015-03-15,10.975
2015-03-16,9.988
2015-03-17,11.463
2015-03-18,NA
2015-03-19,12.075
2015-03-20,12.063
2015-03-21,12.4
2015-03-22,12.2
2015-03-23,11.5
2015-03-24,12.063
2015-03-25,13.7
2015-03-26,13.075
2015-03-27,12.838
2015-03-28,11.975
2015-03-29,11.738
2015-03-30,14.4
2015-03-31,14.0
2015-04-01,13.25
2015-04-02,10.638
2015-04-03,NA
2015-04-04,NA
2015-04-05,NA
2015-04-06,NA
2015-04-07,NA
2015-04-08,NA
2015-04-09,11.013
2015-04-10,11.588
2015-04-11,11.975
2015-04-12,12.338
2015-04-13,12.813
2015-04-14,12.863
2015-04-15,13.875
2015-04-16,14.9
2015-04-17,16.563
2015-04-18,15.35
2015-04-19,14.925
2015-04-20,13.95
2015-04-21,13.25
2015-04-22,14.3
2015-04-23,15.85
2015-04-24,14.6
2015-04-25,16.55
2015-04-26,18.013
2015-04-27,16.713
2015-04-28,14.575
2015-04-29,13.7
2015-04-30,15.225
2015-05-01,15.388
2015-05-02,17.625
2015-05-03,18.613
2015-05-04,19.625
2015-05-05,20.8
2015-05-06,20.5
2015-05-07,17.775
2015-05-08,16.688
2015-05-09,16.863
2015-05-10,17.825
2015-05-11,19.288
2015-05-12,19.438
2015-05-13,18.725
2015-05-14,19.438
2015-05-15,17.863
2015-05-16,16.7
2015-05-17,18.325
2015-05-18,19.263
2015-05-19,18.138
2015-05-20,16.925
2015-05-21,14.975
2015-05-22,15.675
2015-05-23,16.15
2015-05-24,17.788
2015-05-25,17.413
2015-05-26,16.288
2015-05-27,17.775
2015-05-28,17.95
2015-05-29,17.413
2015-05-30,18.588
2015-05-31,18.413
2015-06-01,19.163
2015-06-02,19.363
2015-06-03,21.225
2015-06-04,20.963
2015-06-05,21.888
2015-06-06,22.125
2015-06-07,22.538
2015-06-08,22.113
2015-06-09,22.375
2015-06-10,24.313
2015-06-11,24.575
2015-06-12,25.363
2015-06-13,24.588
2015-06-14,22.663
2015-06-15,21.75
2015-06-16,21.375
2015-06-17,21.263
2015-06-18,21.775
2015-06-19,22.238
2015-06-20,23.225
2015-06-21,22.513
2015-06-22,21.775
2015-06-23,22.1
2015-06-24,22.875
2015-06-25,23.35
2015-06-26,21.75
2015-06-27,21.875
2015-06-28,23.038
2015-06-29,24.588
2015-06-30,24.125
2015-07-01,25.55
2015-07-02,27.275
2015-07-03,26.75
2015-07-04,27.063
2015-07-05,27.088
2015-07-06,26.113
2015-07-07,26.725
2015-07-08,26.213
2015-07-09,24.875
2015-07-10,25.863
2015-07-11,26.0
2015-07-12,24.675
2015-07-13,24.788
2015-07-14,25.863
2015-07-15,26.775
2015-07-16,26.588
2015-07-17,27.838
2015-07-18,27.238
2015-07-19,28.075
2015-07-20,26.425
2015-07-21,26.625
2015-07-22,26.363
2015-07-23,26.588
2015-07-24,27.3
2015-07-25,27.2
2015-07-26,24.375
2015-07-27,25.213
2015-07-28,24.263
2015-07-29,23.625
2015-07-30,25.238
2015-07-31,24.163
2015-08-01,24.888
2015-08-02,24.513
2015-08-03,24.15
2015-08-04,25.138
2015-08-05,25.0
2015-08-06,26.013
2015-08-07,26.625
2015-08-08,26.938
2015-08-09,26.238
2015-08-10,22.775
2015-08-11,24.063
2015-08-12,25.313
2015-08-13,25.825
2015-08-14,25.138
2015-08-15,23.275
2015-08-16,22.175
2015-08-17,22.4
2015-08-18,21.588
2015-08-19,22.213
2015-08-20,21.813
2015-08-21,22.638
2015-08-22,22.875
2015-08-23,24.85
2015-08-24,26.025
2015-08-25,23.9
2015-08-26,22.05
2015-08-27,23.738
2015-08-28,24.025
2015-08-29,24.213
2015-08-30,24.375
2015-08-31,24.65
2015-09-01,24.413
2015-09-02,23.613
2015-09-03,22.238
2015-09-04,21.988
2015-09-05,21.288
2015-09-06,19.675
2015-09-07,20.325
2015-09-08,21.375
2015-09-09,21.363
2015-09-10,20.825
2015-09-11,21.4
2015-09-12,23.013
2015-09-13,23.988
2015-09-14,24.938
2015-09-15,22.65
2015-09-16,23.063
2015-09-17,24.888
2015-09-18,22.438
2015-09-19,19.888
2015-09-20,20.325
2015-09-21,19.425
2015-09-22,19.288
2015-09-23,17.775
2015-09-24,18.138
2015-09-25,19.1
2015-09-26,19.413
2015-09-27,18.788
2015-09-28,18.213
2015-09-29,19.038
2015-09-30,17.35
2015-10-01,17.7
2015-10-02,16.775
2015-10-03,18.588
2015-10-04,21.875
2015-10-05,21.4
2015-10-06,22.688
2015-10-07,20.413
2015-10-08,17.438
2015-10-09,17.65
2015-10-10,17.988
2015-10-11,18.163
2015-10-12,18.85
2015-10-13,19.638
2015-10-14,17.2
2015-10-15,13.963
2015-10-16,14.975
2015-10-17,14.0
2015-10-18,17.038
2015-10-19,16.963
2015-10-20,16.938
2015-10-21,16.538
2015-10-22,15.7
2015-10-23,14.0
2015-10-24,15.45
2015-10-25,14.963
2015-10-26,16.75
2015-10-27,18.113
2015-10-28,18.813
2015-10-29,15.188
2015-10-30,14.088
2015-10-31,14.963
2015-11-01,14.988
2015-11-02,14.688
2015-11-03,15.963
2015-11-04,16.313
2015-11-05,16.425
2015-11-06,15.263
2015-11-07,14.613
2015-11-08,13.75
2015-11-09,14.425
2015-11-10,17.463
2015-11-11,16.638
2015-11-12,16.488
2015-11-13,17.1
2015-11-14,17.125
2015-11-15,15.113
2015-11-16,14.188
2015-11-17,13.825
2015-11-18,14.838
2015-11-19,15.35
2015-11-20,15.263
2015-11-21,15.888
2015-11-22,8.25
2015-11-23,8.963
2015-11-24,9.338
2015-11-25,7.65
2015-11-26,8.475
2015-11-27,8.625
2015-11-28,8.6
2015-11-29,9.275
2015-11-30,10.6
2015-12-01,11.238
2015-12-02,11.4
2015-12-03,11.35
2015-12-04,12.125
2015-12-05,12.625
2015-12-06,12.15
2015-12-07,NA
2015-12-08,11.788
2015-12-09,10.475
2015-12-10,11.038
2015-12-11,8.913
2015-12-12,10.025
2015-12-13,9.313
2015-12-14,9.35
2015-12-15,9.513
2015-12-16,12.15
2015-12-17,10.925
2015-12-18,10.225
2015-12-19,13.05
2015-12-20,10.888
2015-12-21,10.425
2015-12-22,12.725
2015-12-23,10.1
2015-12-24,10.213
2015-12-25,9.8
2015-12-26,10.575
2015-12-27,10.688
2015-12-28,11.2
2015-12-29,9.863
2015-12-30,11.863
2015-12-31,11.388
2016-01-01,12.825
2016-01-02,13.825
2016-01-03,12.8
2016-01-04,11.613
2016-01-05,11.175
2016-01-06,10.65
2016-01-07,11.275
2016-01-08,12.963
2016-01-09,14.538
2016-01-10,15.588
2016-01-11,14.975
2016-01-12,13.3
2016-01-13,10.15
2016-01-14,9.975
2016-01-15,9.325
2016-01-16,4.613
2016-01-17,4.088
2016-01-18,5.0
2016-01-19,6.913
2016-01-20,8.025
2016-01-21,8.513
2016-01-22,8.213
2016-01-23,7.763
2016-01-24,8.963
2016-01-25,8.675
2016-01-26,11.75
2016-01-27,10.875
2016-01-28,10.325
2016-01-29,11.638
2016-01-30,11.163
2016-01-31,11.838
2016-02-01,13.438
2016-02-02,11.725
2016-02-03,11.425
2016-02-04,8.338
2016-02-05,8.913
2016-02-06,10.138
2016-02-07,12.338
2016-02-08,11.25
2016-02-09,11.763
2016-02-10,11.588
2016-02-11,9.3
2016-02-12,11.0
2016-02-13,12.225
2016-02-14,12.363
2016-02-15,8.025
2016-02-16,11.113
2016-02-17,10.575
2016-02-18,8.3
2016-02-19,8.438
2016-02-20,9.188
2016-02-21,10.288
2016-02-22,12.738
2016-02-23,12.925
2016-02-24,12.338
2016-02-25,10.8
2016-02-26,10.425
2016-02-27,11.788
2016-02-28,9.125
2016-02-29,11.0
2016-03-01,9.613
2016-03-02,10.9
2016-03-03,12.275
2016-03-04,10.35
2016-03-05,11.875
2016-03-06,9.188
2016-03-07,8.375
2016-03-08,8.25
2016-03-09,7.863
2016-03-10,8.938
2016-03-11,10.588
2016-03-12,9.975
2016-03-13,9.613
2016-03-14,10.15
2016-03-15,10.55
2016-03-16,9.55
2016-03-17,9.6
2016-03-18,10.725
2016-03-19,10.4
2016-03-20,11.338
2016-03-21,12.863
2016-03-22,13.325
2016-03-23,13.738
2016-03-24,11.2
2016-03-25,10.525
2016-03-26,12.238
2016-03-27,12.688
2016-03-28,14.038
2016-03-29,13.338
2016-03-30,13.95
2016-03-31,18.775
2016-04-01,15.513
2016-04-02,17.025
2016-04-03,15.313
2016-04-04,16.575
2016-04-05,17.088
2016-04-06,15.875
2016-04-07,15.0
2016-04-08,13.463
2016-04-09,11.35
2016-04-10,12.588
2016-04-11,14.488
2016-04-12,15.15
2016-04-13,15.438
2016-04-14,14.613
2016-04-15,14.025
2016-04-16,16.425
2016-04-17,15.75
2016-04-18,16.65
2016-04-19,13.8
2016-04-20,14.0
2016-04-21,15.55
2016-04-22,15.9
2016-04-23,14.388
2016-04-24,15.063
2016-04-25,12.613
2016-04-26,12.8
2016-04-27,14.025
2016-04-28,13.238
2016-04-29,14.35
2016-04-30,12.6
2016-05-01,12.375
2016-05-02,13.15
2016-05-03,14.413
2016-05-04,15.163
2016-05-05,16.688
2016-05-06,16.35
2016-05-07,17.7
2016-05-08,17.963
2016-05-09,NA
2016-05-10,19.975
2016-05-11,17.988
2016-05-12,16.95
2016-05-13,17.225
2016-05-14,17.063
2016-05-15,NA
2016-05-16,16.1
2016-05-17,16.288
2016-05-18,16.313
2016-05-19,14.7
2016-05-20,16.963
2016-05-21,16.95
2016-05-22,18.625
2016-05-23,16.488
2016-05-24,16.688
2016-05-25,16.388
2016-05-26,18.125
2016-05-27,19.663
2016-05-28,18.375
2016-05-29,19.413
2016-05-30,18.613
2016-05-31,17.35
2016-06-01,15.188
2016-06-02,16.925
2016-06-03,17.613
2016-06-04,19.313
2016-06-05,19.35
2016-06-06,19.4
2016-06-07,19.95
2016-06-08,20.35
2016-06-09,21.2
2016-06-10,21.463
2016-06-11,20.375
2016-06-12,20.163
2016-06-13,20.725
2016-06-14,20.7
2016-06-15,20.938
2016-06-16,22.163
2016-06-17,20.675
2016-06-18,20.125
2016-06-19,18.075
2016-06-20,19.375
2016-06-21,20.675
2016-06-22,22.025
2016-06-23,23.288
2016-06-24,23.25
2016-06-25,22.9
2016-06-26,22.588
2016-06-27,20.925
2016-06-28,21.163
2016-06-29,22.325
2016-06-30,24.275
2016-07-01,23.875
2016-07-02,23.825
2016-07-03,22.675
2016-07-04,22.938
2016-07-05,24.625
2016-07-06,23.663
2016-07-07,28.013
2016-07-08,23.788
2016-07-09,24.3
2016-07-10,26.125
2016-07-11,25.875
2016-07-12,26.013
2016-07-13,23.65
2016-07-14,21.5
2016-07-15,21.775
2016-07-16,21.0
2016-07-17,21.5
2016-07-18,22.588
2016-07-19,23.925
2016-07-20,23.775
2016-07-21,23.125
2016-07-22,26.35
2016-07-23,26.275
2016-07-24,22.913
2016-07-25,23.463
2016-07-26,23.925
2016-07-27,24.038
2016-07-28,23.688
2016-07-29,23.688
2016-07-30,24.188
2016-07-31,24.9
2016-08-01,24.75
2016-08-02,23.475
2016-08-03,23.925
2016-08-04,23.888
2016-08-05,23.438
2016-08-06,23.763
2016-08-07,23.988
2016-08-08,23.7
2016-08-09,23.413
2016-08-10,22.0
2016-08-11,22.325
2016-08-12,22.35
2016-08-13,22.525
2016-08-14,23.15
2016-08-15,23.85
2016-08-16,23.35
2016-08-17,23.463
2016-08-18,24.15
2016-08-19,23.875
2016-08-20,24.613
2016-08-21,23.588
2016-08-22,22.688
2016-08-23,22.788
2016-08-24,22.913
2016-08-25,23.213
2016-08-26,23.15
2016-08-27,23.413
2016-08-28,22.563
2016-08-29,23.125
2016-08-30,24.038
2016-08-31,24.275
2016-09-01,24.325
2016-09-02,23.8
2016-09-03,23.463
2016-09-04,23.175
2016-09-05,24.413
2016-09-06,23.625
2016-09-07,22.488
2016-09-08,22.638
2016-09-09,22.938
2016-09-10,23.738
2016-09-11,23.2
2016-09-12,23.038
2016-09-13,23.75
2016-09-14,24.0
2016-09-15,23.238
2016-09-16,20.938
2016-09-17,19.975
2016-09-18,16.363
2016-09-19,18.975
2016-09-20,19.625
2016-09-21,20.1
2016-09-22,19.513
2016-09-23,19.725
2016-09-24,20.275
2016-09-25,20.2
2016-09-26,19.963
2016-09-27,19.888
2016-09-28,19.563
2016-09-29,19.388
2016-09-30,18.538
2016-10-01,19.95
2016-10-02,20.438
2016-10-03,19.613
2016-10-04,18.375
2016-10-05,17.838
2016-10-06,NA
2016-10-07,18.288
2016-10-08,17.775
2016-10-09,16.488
2016-10-10,15.913
2016-10-11,13.363
2016-10-12,13.588
2016-10-13,17.65
2016-10-14,22.138
2016-10-15,18.413
2016-10-16,16.938
2016-10-17,16.75
2016-10-18,17.0
2016-10-19,16.163
2016-10-20,15.588
2016-10-21,14.288
2016-10-22,14.388
2016-10-23,19.613
2016-10-24,20.4
2016-10-25,21.0
2016-10-26,20.975
2016-10-27,18.288
2016-10-28,15.575
2016-10-29,15.375
2016-10-30,14.988
2016-10-31,14.988
2016-11-01,14.863
2016-11-02,15.463
2016-11-03,15.638
2016-11-04,14.575
2016-11-05,17.925
2016-11-06,16.525
2016-11-07,10.9
2016-11-08,NA
2016-11-09,9.913
2016-11-10,15.563
2016-11-11,16.163
2016-11-12,11.163
2016-11-13,11.088
2016-11-14,12.025
2016-11-15,12.388
2016-11-16,11.75
2016-11-17,12.675
2016-11-18,15.338
2016-11-19,14.85
2016-11-20,13.55
2016-11-21,15.325
2016-11-22,16.213
2016-11-23,19.013
2016-11-24,18.238
2016-11-25,13.138
2016-11-26,11.638
2016-11-27,11.013
2016-11-28,11.15
2016-11-29,10.325
2016-11-30,8.15
2016-12-01,8.888
2016-12-02,11.463
2016-12-03,10.463
2016-12-04,11.138
2016-12-05,14.325
2016-12-06,13.688
2016-12-07,11.05
2016-12-08,10.475
2016-12-09,9.613
2016-12-10,10.7
2016-12-11,13.45
2016-12-12,12.575
2016-12-13,9.75
2016-12-14,10.7
2016-12-15,11.288
2016-12-16,11.213
2016-12-17,10.088
2016-12-18,8.388
2016-12-19,8.188
2016-12-20,11.675
2016-12-21,12.163
2016-12-22,11.775
2016-12-23,11.188
2016-12-24,10.813
2016-12-25,9.513
2016-12-26,10.613
2016-12-27,11.713
2016-12-28,9.663
2016-12-29,9.1
2016-12-30,8.675
2016-12-31,9.313
2017-01-01,9.325
2017-01-02,10.45
2017-01-03,10.138
2017-01-04,8.325
2017-01-05,6.925
2017-01-06,3.538
2017-01-07,3.625
2017-01-08,7.825
2017-01-09,6.85
2017-01-10,8.813
2017-01-11,7.025
2017-01-12,10.388
2017-01-13,11.913
2017-01-14,6.475
2017-01-15,4.825
2017-01-16,3.575
2017-01-17,4.75
2017-01-18,7.625
2017-01-19,6.1
2017-01-20,5.763
2017-01-21,9.175
2017-01-22,10.875
2017-01-23,9.963
2017-01-24,9.65
2017-01-25,9.438
2017-01-26,9.375
2017-01-27,10.475
2017-01-28,11.888
2017-01-29,10.65
2017-01-30,9.975
2017-01-31,11.338
2017-02-01,9.713
2017-02-02,11.675
2017-02-03,13.388
2017-02-04,12.913
2017-02-05,12.238
2017-02-06,10.713
2017-02-07,9.888
2017-02-08,8.9
2017-02-09,10.313
2017-02-10,10.163
2017-02-11,9.363
2017-02-12,11.913
2017-02-13,11.825
2017-02-14,11.863
2017-02-15,12.388
2017-02-16,10.088
2017-02-17,10.4
2017-02-18,12.238
2017-02-19,9.163
2017-02-20,9.963
2017-02-21,10.188
2017-02-22,11.913
2017-02-23,12.2
2017-02-24,13.263
2017-02-25,10.663
2017-02-26,10.7
2017-02-27,9.825
2017-02-28,12.563
2017-03-01,11.938
2017-03-02,11.888
2017-03-03,11.0
2017-03-04,13.4
2017-03-05,11.25
2017-03-06,13.163
2017-03-07,12.45
2017-03-08,10.088
2017-03-09,10.875
2017-03-10,11.7
2017-03-11,11.875
2017-03-12,10.888
2017-03-13,12.113
2017-03-14,11.4
2017-03-15,11.463
2017-03-16,11.35
2017-03-17,10.763
2017-03-18,11.4
2017-03-19,13.213
2017-03-20,13.45
2017-03-21,14.663
2017-03-22,13.575
2017-03-23,14.013
2017-03-24,17.625
2017-03-25,14.15
2017-03-26,11.038
2017-03-27,11.275
2017-03-28,10.9
2017-03-29,11.3
2017-03-30,11.925
2017-03-31,12.475
2017-04-01,13.963
2017-04-02,12.563
2017-04-03,14.038
2017-04-04,14.225
2017-04-05,13.475
2017-04-06,13.063
2017-04-07,13.263
2017-04-08,14.325
2017-04-09,14.9
2017-04-10,14.775
2017-04-11,14.25
2017-04-12,16.138
2017-04-13,15.113
2017-04-14,15.175
2017-04-15,15.6
2017-04-16,15.75
2017-04-17,14.963
2017-04-18,15.15
2017-04-19,13.5
2017-04-20,10.638
2017-04-21,11.388
2017-04-22,11.713
2017-04-23,12.475
2017-04-24,13.85
2017-04-25,14.7
2017-04-26,16.75
2017-04-27,15.113
2017-04-28,12.75
2017-04-29,12.613
2017-04-30,13.638
2017-05-01,12.85
2017-05-02,13.988
2017-05-03,15.288
2017-05-04,15.75
2017-05-05,16.888
2017-05-06,17.213
2017-05-07,15.863
2017-05-08,15.225
2017-05-09,15.65
2017-05-10,16.888
2017-05-11,18.225
2017-05-12,16.463
2017-05-13,17.025
2017-05-14,17.338
2017-05-15,16.875
2017-05-16,17.438
2017-05-17,18.963
2017-05-18,19.1
2017-05-19,19.375
2017-05-20,16.013
2017-05-21,16.525
2017-05-22,18.088
2017-05-23,18.55
2017-05-24,17.938
2017-05-25,19.163
2017-05-26,20.425
2017-05-27,20.9
2017-05-28,20.738
2017-05-29,21.7
2017-05-30,21.163
2017-05-31,20.838
2017-06-01,21.125
2017-06-02,21.8
2017-06-03,21.938
2017-06-04,21.475
2017-06-05,20.8
2017-06-06,21.875
2017-06-07,19.625
2017-06-08,19.65
2017-06-09,21.463
2017-06-10,20.788
2017-06-11,22.538
2017-06-12,23.0
2017-06-13,23.45
2017-06-14,23.963
2017-06-15,24.325
2017-06-16,24.338
2017-06-17,24.638
2017-06-18,25.875
2017-06-19,23.813
2017-06-20,NA
2017-06-21,24.15
2017-06-22,24.588
2017-06-23,24.788
2017-06-24,25.15
2017-06-25,25.063
2017-06-26,25.763
2017-06-27,26.338
2017-06-28,26.4
2017-06-29,22.988
2017-06-30,20.613
2017-07-01,20.413
2017-07-02,21.838
2017-07-03,22.463
2017-07-04,23.288
2017-07-05,24.563
2017-07-06,25.613
2017-07-07,25.388
2017-07-08,25.588
2017-07-09,26.213
2017-07-10,25.05
2017-07-11,26.138
2017-07-12,25.188
2017-07-13,24.85
2017-07-14,24.013
2017-07-15,24.788
2017-07-16,25.075
2017-07-17,24.313
2017-07-18,24.725
2017-07-19,24.725
2017-07-20,25.575
2017-07-21,25.725
2017-07-22,26.588
2017-07-23,25.513
2017-07-24,25.688
2017-07-25,23.825
2017-07-26,22.5
2017-07-27,22.35
2017-07-28,23.563
2017-07-29,24.4
2017-07-30,24.8
2017-07-31,25.913
2017-08-01,29.063
2017-08-02,29.088
2017-08-03,28.925
2017-08-04,27.913
2017-08-05,26.713
2017-08-06,26.438
2017-08-07,25.3
2017-08-08,25.55
2017-08-09,26.075
2017-08-10,23.825
2017-08-11,21.5
2017-08-12,21.8
2017-08-13,21.938
2017-08-14,23.663
2017-08-15,24.4
2017-08-16,25.175
2017-08-17,24.488
2017-08-18,24.513
2017-08-19,23.413
2017-08-20,21.975
2017-08-21,22.838
2017-08-22,23.225
2017-08-23,23.3
2017-08-24,23.25
2017-08-25,23.875
2017-08-26,23.913
2017-08-27,23.788
2017-08-28,24.988
2017-08-29,NA
2017-08-30,NA
2017-08-31,25.55
2017-09-01,NA
2017-09-02,20.175
2017-09-03,19.475
2017-09-04,20.725
2017-09-05,20.938
2017-09-06,21.788
2017-09-07,21.238
2017-09-08,21.063
2017-09-09,23.1
2017-09-10,19.875
2017-09-11,20.125
2017-09-12,19.425
2017-09-13,18.85
2017-09-14,21.025
2017-09-15,20.375
2017-09-16,18.5
2017-09-17,17.475
2017-09-18,16.5
2017-09-19,16.538
2017-09-20,16.025
2017-09-21,16.813
2017-09-22,17.663
2017-09-23,19.013
2017-09-24,18.813
2017-09-25,19.0
2017-09-26,19.025
2017-09-27,18.15
2017-09-28,18.275
2017-09-29,18.138
2017-09-30,18.613
2017-10-01,17.388
2017-10-02,18.825
2017-10-03,18.713
2017-10-04,19.313
2017-10-05,19.288
2017-10-06,18.438
2017-10-07,17.538
2017-10-08,16.838
2017-10-09,17.6
2017-10-10,17.775
2017-10-11,17.788
2017-10-12,17.313
2017-10-13,17.825
2017-10-14,17.463
2017-10-15,17.038
2017-10-16,16.575
2017-10-17,16.375
2017-10-18,16.488
2017-10-19,17.5
2017-10-20,18.225
2017-10-21,18.388
2017-10-22,18.088
2017-10-23,15.525
2017-10-24,14.263
2017-10-25,14.913
2017-10-26,15.163
2017-10-27,17.088
2017-10-28,16.538
2017-10-29,15.375
2017-10-30,15.613
2017-10-31,15.813
2017-11-01,15.725
2017-11-02,15.475
2017-11-03,16.363
2017-11-04,15.388
2017-11-05,16.213
2017-11-06,10.888
2017-11-07,10.788
2017-11-08,11.263
2017-11-09,11.025
2017-11-10,12.263
2017-11-11,11.838
2017-11-12,14.963
2017-11-13,9.725
2017-11-14,NA
2017-11-15,12.4
2017-11-16,11.975
2017-11-17,11.3
2017-11-18,12.075
2017-11-19,10.938
2017-11-20,11.45
2017-11-21,12.963
2017-11-22,11.088
2017-11-23,11.5
2017-11-24,11.388
2017-11-25,15.3
2017-11-26,10.075
2017-11-27,7.363
2017-11-28,8.475
2017-11-29,NA
2017-11-30,7.525
2017-12-01,5.888
2017-12-02,7.225
2017-12-03,7.925
2017-12-04,6.55
2017-12-05,7.575
2017-12-06,7.725
2017-12-07,10.0
2017-12-08,11.463
2017-12-09,8.725
2017-12-10,8.825
2017-12-11,17.1
2017-12-12,11.838
2017-12-13,9.4
2017-12-14,12.925
2017-12-15,11.088
2017-12-16,9.825
2017-12-17,5.263
2017-12-18,6.088
2017-12-19,7.738
2017-12-20,5.738
2017-12-21,NA
2017-12-22,6.5
2017-12-23,7.375
2017-12-24,8.288
2017-12-25,11.988
2017-12-26,10.0
2017-12-27,10.938
2017-12-28,9.05
2017-12-29,6.325
2017-12-30,11.0
2017-12-31,10.75
2018-01-01,12.225
2018-01-02,11.613
2018-01-03,12.825
2018-01-04,15.188
2018-01-05,12.6
2018-01-06,13.038
2018-01-07,19.063
2018-01-08,19.0
2018-01-09,12.038
2018-01-10,9.85
2018-01-11,9.15
2018-01-12,8.413
2018-01-13,9.15
2018-01-14,9.138
2018-01-15,8.963
2018-01-16,12.313
2018-01-17,13.025
2018-01-18,9.05
2018-01-19,11.338
2018-01-20,9.95
2018-01-21,13.563
2018-01-22,11.05
2018-01-23,12.45
2018-01-24,11.763
2018-01-25,10.775
2018-01-26,11.163
2018-01-27,12.013
2018-01-28,10.65
2018-01-29,9.0
2018-01-30,11.113
2018-01-31,11.513
2018-02-01,10.775
2018-02-02,10.413
2018-02-03,8.213
2018-02-04,7.763
2018-02-05,9.988
2018-02-06,9.125
2018-02-07,8.438
2018-02-08,7.338
2018-02-09,7.763
2018-02-10,7.513
2018-02-11,7.35
2018-02-12,8.725
2018-02-13,6.463
2018-02-14,6.85
2018-02-15,6.938
2018-02-16,11.0
2018-02-17,11.8
2018-02-18,11.3
2018-02-19,9.363
2018-02-20,8.413
2018-02-21,7.075
2018-02-22,6.788
2018-02-23,8.725
2018-02-24,9.063
2018-02-25,10.15
2018-02-26,6.075
2018-02-27,2.0
2018-02-28,NA
2018-03-01,11.375
2018-03-02,11.95
2018-03-03,11.575
2018-03-04,9.7
2018-03-05,10.863
2018-03-06,10.913
2018-03-07,12.488
2018-03-08,11.338
2018-03-09,11.163
2018-03-10,13.388
2018-03-11,14.263
2018-03-12,13.913
2018-03-13,13.013
2018-03-14,10.7
2018-03-15,12.938
2018-03-16,13.313
2018-03-17,11.675
2018-03-18,10.063
2018-03-19,9.913
2018-03-20,8.788
2018-03-21,9.088
2018-03-22,8.325
2018-03-23,8.288
2018-03-24,9.925
2018-03-25,11.013
2018-03-26,9.588
2018-03-27,10.35
2018-03-28,13.05
2018-03-29,13.0
2018-03-30,13.175
2018-03-31,11.5
2018-04-01,11.625
2018-04-02,10.95
2018-04-03,14.175
2018-04-04,16.163
2018-04-05,13.975
2018-04-06,12.4
2018-04-07,13.788
2018-04-08,15.913
2018-04-09,14.263
2018-04-10,12.538
2018-04-11,13.375
2018-04-12,12.388
2018-04-13,12.95
2018-04-14,16.675
2018-04-15,17.25
2018-04-16,14.7
2018-04-17,14.15
2018-04-18,15.263
2018-04-19,16.538
2018-04-20,15.825
2018-04-21,15.45
2018-04-22,16.1
2018-04-23,16.488
2018-04-24,16.525
2018-04-25,16.613
2018-04-26,17.175
2018-04-27,17.425
2018-04-28,18.225
2018-04-29,17.775
2018-04-30,16.188
2018-05-01,13.175
2018-05-02,14.038
2018-05-03,15.713
2018-05-04,16.338
2018-05-05,17.313
2018-05-06,17.138
2018-05-07,17.588
2018-05-08,17.25
2018-05-09,18.1
2018-05-10,18.2
2018-05-11,17.825
2018-05-12,17.463
2018-05-13,15.313
2018-05-14,12.025
2018-05-15,13.738
2018-05-16,16.0
2018-05-17,16.875
2018-05-18,16.975
2018-05-19,18.425
2018-05-20,18.763
2018-05-21,17.213
2018-05-22,17.738
2018-05-23,18.925
2018-05-24,18.613
2018-05-25,19.425
2018-05-26,21.538
2018-05-27,22.063
2018-05-28,19.175
2018-05-29,20.45
2018-05-30,20.513
2018-05-31,20.238
2018-06-01,19.588
2018-06-02,20.475
2018-06-03,21.488
2018-06-04,20.313
2018-06-05,20.625
2018-06-06,20.7
2018-06-07,19.363
2018-06-08,19.5
2018-06-09,20.5
2018-06-10,22.313
2018-06-11,23.025
2018-06-12,22.088
2018-06-13,19.163
2018-06-14,20.413
2018-06-15,21.425
2018-06-16,21.725
2018-06-17,22.213
2018-06-18,22.338
2018-06-19,23.238
2018-06-20,23.525
2018-06-21,23.275
2018-06-22,22.675
2018-06-23,22.4
2018-06-24,21.875
2018-06-25,21.15
2018-06-26,21.575
2018-06-27,22.188
2018-06-28,21.525
2018-06-29,22.1
2018-06-30,23.7
2018-07-01,24.388
2018-07-02,24.363
2018-07-03,25.313
2018-07-04,25.325
2018-07-05,25.375
2018-07-06,24.113
2018-07-07,23.863
2018-07-08,23.988
2018-07-09,24.05
2018-07-10,23.925
2018-07-11,24.05
2018-07-12,23.825
2018-07-13,NA
2018-07-14,26.5
2018-07-15,25.7
2018-07-16,25.638
2018-07-17,24.175
2018-07-18,24.125
2018-07-19,25.213
2018-07-20,24.35
2018-07-21,26.175
2018-07-22,24.463
2018-07-23,25.325
2018-07-24,24.975
2018-07-25,24.538
2018-07-26,24.988
2018-07-27,25.413
2018-07-28,25.213
2018-07-29,25.175
2018-07-30,26.55
2018-07-31,27.025
2018-08-01,27.475
2018-08-02,27.575
2018-08-03,25.963
2018-08-04,26.325
2018-08-05,27.013
2018-08-06,27.188
2018-08-07,27.213
2018-08-08,27.163
2018-08-09,27.35
2018-08-10,27.825
2018-08-11,26.413
2018-08-12,25.038
2018-08-13,25.563
2018-08-14,24.063
2018-08-15,24.925
2018-08-16,25.25
2018-08-17,25.213
2018-08-18,24.813
2018-08-19,24.563
2018-08-20,25.188
2018-08-21,25.325
2018-08-22,25.35
2018-08-23,23.488
2018-08-24,24.425
2018-08-25,23.538
2018-08-26,21.85
2018-08-27,22.188
2018-08-28,23.4
2018-08-29,23.925
2018-08-30,23.413
2018-08-31,21.813
2018-09-01,21.0
2018-09-02,20.938
2018-09-03,21.325
2018-09-04,20.15
2018-09-05,22.275
2018-09-06,23.3
2018-09-07,22.638
2018-09-08,22.538
2018-09-09,22.763
2018-09-10,23.588
2018-09-11,23.525
2018-09-12,23.575
2018-09-13,22.988
2018-09-14,22.888
2018-09-15,23.363
2018-09-16,23.475
2018-09-17,24.088
2018-09-18,23.1
2018-09-19,23.588
2018-09-20,23.175
2018-09-21,23.438
2018-09-22,22.725
2018-09-23,22.188
2018-09-24,22.6
2018-09-25,22.525
2018-09-26,20.138
2018-09-27,18.875
2018-09-28,18.938
2018-09-29,20.0
2018-09-30,20.3
2018-10-01,18.55
2018-10-02,16.925
2018-10-03,18.1
2018-10-04,19.8
2018-10-05,18.813
2018-10-06,18.05
2018-10-07,17.563
2018-10-08,19.475
2018-10-09,19.45
2018-10-10,19.863
2018-10-11,22.5
2018-10-12,19.788
2018-10-13,19.45
2018-10-14,18.725
2018-10-15,19.113
2018-10-16,18.563
2018-10-17,18.35
2018-10-18,19.588
2018-10-19,19.888
2018-10-20,18.888
2018-10-21,18.763
2018-10-22,17.113
2018-10-23,14.888
2018-10-24,15.763
2018-10-25,17.05
2018-10-26,17.95
2018-10-27,18.938
2018-10-28,NA
2018-10-29,18.0
2018-10-30,13.825
2018-10-31,18.075
2018-11-01,16.975
2018-11-02,15.288
2018-11-03,14.813
2018-11-04,16.388
2018-11-05,15.95
2018-11-06,14.163
2018-11-07,13.775
2018-11-08,15.538
2018-11-09,15.175
2018-11-10,15.338
2018-11-11,15.075
2018-11-12,15.35
2018-11-13,15.263
2018-11-14,14.75
2018-11-15,13.988
2018-11-16,15.425
2018-11-17,13.938
2018-11-18,11.775
2018-11-19,12.275
2018-11-20,12.063
2018-11-21,13.35
2018-11-22,13.688
2018-11-23,15.65
2018-11-24,14.988
2018-11-25,13.663
2018-11-26,13.05
2018-11-27,11.125
2018-11-28,10.275
2018-11-29,10.613
2018-11-30,10.55
2018-12-01,11.2
2018-12-02,11.238
2018-12-03,14.275
2018-12-04,14.975
2018-12-05,11.938
2018-12-06,12.375
2018-12-07,12.113
2018-12-08,13.938
2018-12-09,13.85
2018-12-10,12.525
2018-12-11,9.188
2018-12-12,8.75
2018-12-13,10.025
2018-12-14,11.225
2018-12-15,8.913
2018-12-16,10.463
2018-12-17,11.25
2018-12-18,7.8
2018-12-19,9.3
2018-12-20,9.913
2018-12-21,10.163
2018-12-22,13.188
2018-12-23,12.875
2018-12-24,11.838
2018-12-25,10.8
2018-12-26,8.825
2018-12-27,8.975
2018-12-28,9.963
2018-12-29,9.45
2018-12-30,8.1
2018-12-31,8.438
2019-01-01,8.225
2019-01-02,8.825
2019-01-03,5.425
2019-01-04,5.788
2019-01-05,7.2
2019-01-06,7.925
2019-01-07,7.825
2019-01-08,8.0
2019-01-09,6.388
2019-01-10,5.388
2019-01-11,3.8
2019-01-12,4.588
2019-01-13,8.775
2019-01-14,10.1
2019-01-15,8.063
2019-01-16,8.788
2019-01-17,8.638
2019-01-18,8.4
2019-01-19,7.475
2019-01-20,6.713
2019-01-21,7.45
2019-01-22,7.15
2019-01-23,4.738
2019-01-24,6.075
2019-01-25,5.45
2019-01-26,5.638
2019-01-27,10.563
2019-01-28,8.375
2019-01-29,5.525
2019-01-30,7.763
2019-01-31,8.225
2019-02-01,13.55
2019-02-02,11.275
2019-02-03,8.35
2019-02-04,8.763
2019-02-05,7.35
2019-02-06,7.088
2019-02-07,8.7
2019-02-08,9.613
2019-02-09,10.525
2019-02-10,12.513
2019-02-11,11.475
2019-02-12,7.725
2019-02-13,7.638
2019-02-14,8.438
2019-02-15,8.525
2019-02-16,9.675
2019-02-17,8.775
2019-02-18,8.738
2019-02-19,9.825
2019-02-20,9.275
2019-02-21,9.375
2019-02-22,11.375
2019-02-23,9.513
2019-02-24,11.55
2019-02-25,9.188
2019-02-26,12.325
2019-02-27,10.225
2019-02-28,10.325
2019-03-01,11.988
2019-03-02,10.988
2019-03-03,11.1
2019-03-04,11.238
2019-03-05,10.813
2019-03-06,11.263
2019-03-07,13.463
2019-03-08,10.613
2019-03-09,10.7
2019-03-10,14.088
2019-03-11,13.138
2019-03-12,10.013
2019-03-13,11.088
2019-03-14,10.613
2019-03-15,13.175
2019-03-16,12.838
2019-03-17,12.213
2019-03-18,10.563
2019-03-19,9.45
2019-03-20,9.288
2019-03-21,10.338
2019-03-22,12.338
2019-03-23,11.838
2019-03-24,11.538
2019-03-25,11.463
2019-03-26,10.838
2019-03-27,10.825
2019-03-28,10.263
2019-03-29,10.55
2019-03-30,10.975
2019-03-31,10.638
2019-04-01,11.438
2019-04-02,11.988
2019-04-03,13.225
2019-04-04,10.4
2019-04-05,10.275
2019-04-06,10.413
2019-04-07,11.05
2019-04-08,11.375
2019-04-09,12.3
2019-04-10,11.613
2019-04-11,10.5
2019-04-12,11.063
2019-04-13,11.663
2019-04-14,12.563
2019-04-15,11.813
2019-04-16,12.4
2019-04-17,12.963
2019-04-18,13.2
2019-04-19,15.088
2019-04-20,14.75
2019-04-21,18.05
2019-04-22,17.575
2019-04-23,15.75
2019-04-24,15.338
2019-04-25,15.263
2019-04-26,15.075
2019-04-27,14.288
2019-04-28,14.55
2019-04-29,13.575
2019-04-30,12.688
2019-05-01,13.0
2019-05-02,14.038
2019-05-03,14.825
2019-05-04,14.125
2019-05-05,12.2
2019-05-06,12.85
2019-05-07,12.613
2019-05-08,15.913
2019-05-09,17.188
2019-05-10,15.725
2019-05-11,16.088
2019-05-12,16.15
2019-05-13,16.175
2019-05-14,17.163
2019-05-15,11.713
2019-05-16,13.188
2019-05-17,15.2
2019-05-18,15.35
2019-05-19,14.2
2019-05-20,13.725
2019-05-21,16.975
2019-05-22,17.05
2019-05-23,17.575
2019-05-24,16.7
2019-05-25,17.313
2019-05-26,16.925
2019-05-27,18.0
2019-05-28,17.825
2019-05-29,16.7
2019-05-30,16.438
2019-05-31,17.575
2019-06-01,18.213
2019-06-02,19.213
2019-06-03,19.463
2019-06-04,19.35
2019-06-05,21.563
2019-06-06,19.775
2019-06-07,20.563
2019-06-08,21.613
2019-06-09,24.55
2019-06-10,24.488
2019-06-11,NA
2019-06-12,NA
2019-06-13,20.113
2019-06-14,25.938
2019-06-15,21.9
2019-06-16,20.375
2019-06-17,20.45
2019-06-18,21.475
2019-06-19,22.25
2019-06-20,22.363
2019-06-21,22.863
2019-06-22,23.7
2019-06-23,22.613
2019-06-24,23.363
2019-06-25,24.925
2019-06-26,25.575
2019-06-27,25.863
2019-06-28,25.663
2019-06-29,26.7
2019-06-30,27.475
2019-07-01,26.25
2019-07-02,NA
2019-07-03,26.888
2019-07-04,26.038
2019-07-05,25.875
2019-07-06,25.775
2019-07-07,26.375
2019-07-08,27.725
2019-07-09,29.613
2019-07-10,27.163
2019-07-11,26.3
2019-07-12,25.7
2019-07-13,25.688
2019-07-14,25.1
2019-07-15,23.963
2019-07-16,23.088
2019-07-17,23.188
2019-07-18,23.288
2019-07-19,23.263
2019-07-20,24.913
2019-07-21,25.313
2019-07-22,24.913
2019-07-23,26.075
2019-07-24,27.188
2019-07-25,27.563
2019-07-26,27.0
2019-07-27,25.813
2019-07-28,23.15
2019-07-29,23.025
2019-07-30,22.725
2019-07-31,23.425
2019-08-01,24.563
2019-08-02,26.525
2019-08-03,23.875
2019-08-04,25.25
2019-08-05,24.275
2019-08-06,26.738
2019-08-07,26.225
2019-08-08,26.288
2019-08-09,26.075
2019-08-10,26.075
2019-08-11,25.7
2019-08-12,27.063
2019-08-13,24.913
2019-08-14,23.025
2019-08-15,23.575
2019-08-16,23.35
2019-08-17,24.45
2019-08-18,24.613
2019-08-19,24.738
2019-08-20,24.675
2019-08-21,24.275
2019-08-22,25.2
2019-08-23,24.675
2019-08-24,24.013
2019-08-25,24.8
2019-08-26,25.55
2019-08-27,25.725
2019-08-28,25.075
2019-08-29,24.925
2019-08-30,25.25
2019-08-31,25.188
2019-09-01,24.1
2019-09-02,24.738
2019-09-03,24.05
2019-09-04,23.863
2019-09-05,23.35
2019-09-06,22.313
2019-09-07,21.75
2019-09-08,21.013
2019-09-09,21.863
2019-09-10,22.2
2019-09-11,22.638
2019-09-12,22.938
2019-09-13,22.513
2019-09-14,22.2
2019-09-15,22.263
2019-09-16,22.663
2019-09-17,22.125
2019-09-18,21.563
2019-09-19,22.775
2019-09-20,22.7
2019-09-21,22.513
2019-09-22,24.613
2019-09-23,21.5
2019-09-24,20.613
2019-09-25,21.625
2019-09-26,20.95
2019-09-27,21.213
2019-09-28,21.663
2019-09-29,20.45
2019-09-30,22.088
2019-10-01,20.425
2019-10-02,20.05
2019-10-03,19.1
2019-10-04,18.688
2019-10-05,19.463
2019-10-06,18.338
2019-10-07,19.988
2019-10-08,18.125
2019-10-09,18.325
2019-10-10,18.163
2019-10-11,17.45
2019-10-12,17.7
2019-10-13,18.3
2019-10-14,20.238
2019-10-15,19.225
2019-10-16,16.675
2019-10-17,17.738
2019-10-18,17.313
2019-10-19,18.213
2019-10-20,21.6
2019-10-21,20.538
2019-10-22,23.688
2019-10-23,28.688
2019-10-24,18.688
2019-10-25,17.713
2019-10-26,18.625
2019-10-27,17.638
2019-10-28,16.9
2019-10-29,16.675
2019-10-30,18.275
2019-10-31,17.35
2019-11-01,16.65
2019-11-02,15.488
2019-11-03,17.3
2019-11-04,18.675
2019-11-05,17.088
2019-11-06,13.2
2019-11-07,13.975
2019-11-08,11.15
2019-11-09,10.288
2019-11-10,10.75
2019-11-11,13.863
2019-11-12,12.7
2019-11-13,11.588
2019-11-14,12.15
2019-11-15,11.438
2019-11-16,10.75
2019-11-17,10.575
2019-11-18,10.913
2019-11-19,13.55
2019-11-20,11.713
2019-11-21,12.6
2019-11-22,13.288
2019-11-23,15.388
2019-11-24,13.15
2019-11-25,13.55
2019-11-26,13.325
2019-11-27,14.163
2019-11-28,13.313
2019-11-29,13.738
2019-11-30,11.988
2019-12-01,12.813
2019-12-02,14.025
2019-12-03,12.85
2019-12-04,11.325
2019-12-05,15.725
2019-12-06,13.325
2019-12-07,13.288
2019-12-08,11.35
2019-12-09,12.9
2019-12-10,10.338
2019-12-11,8.125
2019-12-12,10.275
2019-12-13,12.588
2019-12-14,14.45
2019-12-15,12.475
2019-12-16,13.075
2019-12-17,13.625
2019-12-18,13.613
2019-12-19,13.213
2019-12-20,12.55
2019-12-21,14.95
2019-12-22,14.95
2019-12-23,13.75
2019-12-24,11.075
2019-12-25,11.175
2019-12-26,10.313
2019-12-27,9.463
2019-12-28,9.5
2019-12-29,9.513
2019-12-30,6.325
2019-12-31,7.8
2020-01-01,8.338
2020-01-02,8.288
2020-01-03,9.488
2020-01-04,11.625
2020-01-05,9.875
2020-01-06,8.45
2020-01-07,8.338
2020-01-08,9.113
2020-01-09,8.225
2020-01-10,10.813
2020-01-11,9.65
2020-01-12,8.563
2020-01-13,8.15
2020-01-14,8.763
2020-01-15,8.413
2020-01-16,9.975
2020-01-17,11.725
2020-01-18,11.1
2020-01-19,7.25
2020-01-20,10.338
2020-01-21,12.413
2020-01-22,12.338
2020-01-23,10.5
2020-01-24,10.85
2020-01-25,10.975
2020-01-26,9.8
2020-01-27,9.675
2020-01-28,12.763
2020-01-29,13.2
2020-01-30,11.063
2020-01-31,13.663
2020-02-01,12.85
2020-02-02,13.588
2020-02-03,14.038
2020-02-04,12.55
2020-02-05,10.613
2020-02-06,7.813
2020-02-07,8.025
2020-02-08,8.238
2020-02-09,8.963
2020-02-10,12.513
2020-02-11,12.65
2020-02-12,10.863
2020-02-13,9.213
2020-02-14,12.563
2020-02-15,10.088
2020-02-16,9.9
2020-02-17,10.588
2020-02-18,12.25
2020-02-19,11.363
2020-02-20,10.325
2020-02-21,11.2
2020-02-22,11.538
2020-02-23,10.363
2020-02-24,10.938
2020-02-25,11.738
2020-02-26,12.675
2020-02-27,10.238
2020-02-28,11.938
2020-02-29,10.538
2020-03-01,12.725
2020-03-02,12.25
2020-03-03,11.513
2020-03-04,9.663
2020-03-05,10.613
2020-03-06,12.613
2020-03-07,10.9
2020-03-08,10.025
2020-03-09,9.213
2020-03-10,9.588
2020-03-11,12.063
2020-03-12,13.075
2020-03-13,12.5
2020-03-14,13.638
2020-03-15,12.725
2020-03-16,12.563
2020-03-17,12.213
2020-03-18,12.063
2020-03-19,12.425
2020-03-20,12.213
2020-03-21,13.8
2020-03-22,12.888
2020-03-23,12.363
2020-03-24,9.325
2020-03-25,7.675
2020-03-26,6.95
2020-03-27,10.088
2020-03-28,11.788
2020-03-29,11.563
2020-03-30,12.425
2020-03-31,12.813
2020-04-01,11.925
2020-04-02,10.675
2020-04-03,12.088
2020-04-04,11.6
2020-04-05,11.513
2020-04-06,12.3
2020-04-07,13.275
2020-04-08,13.0
2020-04-09,12.675
2020-04-10,13.275
2020-04-11,14.175
2020-04-12,13.725
2020-04-13,13.5
2020-04-14,14.65
2020-04-15,14.238
2020-04-16,14.15
2020-04-17,14.813
2020-04-18,15.463
2020-04-19,15.963
2020-04-20,16.275
2020-04-21,15.813
2020-04-22,14.413
2020-04-23,15.375
2020-04-24,14.713
2020-04-25,15.15
2020-04-26,15.313
2020-04-27,NA
2020-04-28,16.175
2020-04-29,16.638
2020-04-30,16.188
2020-05-01,17.35
2020-05-02,19.4
2020-05-03,19.388
2020-05-04,17.838
2020-05-05,17.763
2020-05-06,18.5
2020-05-07,18.85
2020-05-08,18.038
2020-05-09,17.675
2020-05-10,19.5
2020-05-11,18.575
2020-05-12,19.4
2020-05-13,20.388
2020-05-14,18.9
2020-05-15,19.375
2020-05-16,19.088
2020-05-17,18.525
2020-05-18,17.3
2020-05-19,17.688
2020-05-20,19.175
2020-05-21,20.663
2020-05-22,19.838
2020-05-23,19.913
2020-05-24,19.238
2020-05-25,19.238
2020-05-26,20.763
2020-05-27,20.35
2020-05-28,19.238
2020-05-29,17.463
2020-05-30,17.775
2020-05-31,18.75
2020-06-01,19.288
2020-06-02,18.9
2020-06-03,19.15
2020-06-04,20.425
2020-06-05,19.8
2020-06-06,19.713
2020-06-07,20.588
2020-06-08,19.888
2020-06-09,18.0
2020-06-10,17.313
2020-06-11,18.138
2020-06-12,22.275
2020-06-13,19.7
2020-06-14,19.263
2020-06-15,20.05
2020-06-16,19.638
2020-06-17,19.9
2020-06-18,19.663
2020-06-19,19.563
2020-06-20,19.3
2020-06-21,20.538
2020-06-22,21.675
2020-06-23,NA
2020-06-24,23.75
2020-06-25,23.3
2020-06-26,23.1
2020-06-27,23.613
2020-06-28,23.725
2020-06-29,23.65
2020-06-30,24.125
2020-07-01,24.75
2020-07-02,24.438
2020-07-03,24.575
2020-07-04,23.475
2020-07-05,23.125
2020-07-06,23.1
2020-07-07,23.875
2020-07-08,24.55
2020-07-09,24.738
2020-07-10,24.275
2020-07-11,24.538
2020-07-12,24.188
2020-07-13,24.9
2020-07-14,24.188
2020-07-15,23.538
2020-07-16,22.613
2020-07-17,22.588
2020-07-18,24.15
2020-07-19,24.213
2020-07-20,23.938
2020-07-21,25.025
2020-07-22,25.288
2020-07-23,24.513
2020-07-24,24.975
2020-07-25,25.088
2020-07-26,24.363
2020-07-27,25.463
2020-07-28,26.163
2020-07-29,26.238
2020-07-30,26.575
2020-07-31,27.313
2020-08-01,26.738
2020-08-02,26.438
2020-08-03,24.863
2020-08-04,23.813
2020-08-05,23.113
2020-08-06,24.463
2020-08-07,24.675
2020-08-08,25.525
2020-08-09,25.4
2020-08-10,25.6
2020-08-11,25.038
2020-08-12,25.75
2020-08-13,26.013
2020-08-14,25.588
2020-08-15,25.25
2020-08-16,25.025
2020-08-17,25.05
2020-08-18,24.725
2020-08-19,24.675
2020-08-20,24.975
2020-08-21,26.063
2020-08-22,26.35
2020-08-23,24.75
2020-08-24,23.975
2020-08-25,24.188
2020-08-26,24.388
2020-08-27,24.288
2020-08-28,24.2
2020-08-29,25.125
2020-08-30,22.45
2020-08-31,20.5
2020-09-01,21.213
2020-09-02,21.488
2020-09-03,21.788
2020-09-04,22.963
2020-09-05,22.7
2020-09-06,21.788
2020-09-07,21.713
2020-09-08,22.425
2020-09-09,23.225
2020-09-10,22.313
2020-09-11,21.738
2020-09-12,22.913
2020-09-13,23.0
2020-09-14,23.013
2020-09-15,22.375
2020-09-16,23.025
2020-09-17,22.7
2020-09-18,22.813
2020-09-19,23.813
2020-09-20,23.138
2020-09-21,21.425
2020-09-22,20.225
2020-09-23,20.588
2020-09-24,23.013
2020-09-25,20.638
2020-09-26,17.338
2020-09-27,13.725
2020-09-28,14.725
2020-09-29,16.638
2020-09-30,17.538
2020-10-01,17.488
2020-10-02,21.75
2020-10-03,17.475
2020-10-04,16.438
2020-10-05,16.138
2020-10-06,17.375
2020-10-07,18.475
2020-10-08,16.075
2020-10-09,16.225
2020-10-10,17.013
2020-10-11,15.175
2020-10-12,13.913
2020-10-13,12.763
2020-10-14,13.163
2020-10-15,11.963
2020-10-16,12.775
2020-10-17,12.775
2020-10-18,14.075
2020-10-19,13.688
2020-10-20,14.25
2020-10-21,15.038
2020-10-22,16.738
2020-10-23,17.913
2020-10-24,17.638
2020-10-25,16.488
2020-10-26,16.375
2020-10-27,14.7
2020-10-28,13.063
2020-10-29,14.663
2020-10-30,15.013
2020-10-31,15.788
2020-11-01,16.0
2020-11-02,16.538
2020-11-03,16.038
2020-11-04,16.838
2020-11-05,15.175
2020-11-06,15.625
2020-11-07,14.913
2020-11-08,15.55
2020-11-09,14.538
2020-11-10,14.5
2020-11-11,14.738
2020-11-12,13.725
2020-11-13,13.1
2020-11-14,13.288
2020-11-15,14.163
2020-11-16,15.663
2020-11-17,12.875
2020-11-18,13.325
2020-11-19,13.5
2020-11-20,14.563
2020-11-21,10.55
2020-11-22,8.413
2020-11-23,9.575
2020-11-24,10.063
2020-11-25,10.675
2020-11-26,13.238
2020-11-27,13.125
2020-11-28,13.4
2020-11-29,13.425
2020-11-30,13.138
2020-12-01,11.538
2020-12-02,8.763
2020-12-03,8.525
2020-12-04,11.938
2020-12-05,NA
2020-12-06,9.575
2020-12-07,8.488
2020-12-08,10.613
2020-12-09,8.275
2020-12-10,8.438
2020-12-11,8.463
2020-12-12,10.513
2020-12-13,8.45
2020-12-14,9.425
2020-12-15,11.05
2020-12-16,13.138
2020-12-17,12.325
2020-12-18,11.713
2020-12-19,13.25
2020-12-20,12.038
2020-12-21,11.0
2020-12-22,12.188
2020-12-23,13.25
2020-12-24,11.788
2020-12-25,11.013
2020-12-26,6.375
2020-12-27,5.95
2020-12-28,11.513
2020-12-29,8.425
2020-12-30,7.175
2020-12-31,7.1
2021-01-01,8.275
2021-01-02,10.2
2021-01-03,7.125
2021-01-04,7.175
2021-01-05,5.713
2021-01-06,5.613
2021-01-07,5.725
2021-01-08,7.238
2021-01-09,7.663
2021-01-10,10.238
2021-01-11,7.9
2021-01-12,5.188
2021-01-13,9.8
2021-01-14,9.588
2021-01-15,9.838
2021-01-16,8.7
2021-01-17,7.813
2021-01-18,7.063
2021-01-19,7.313
2021-01-20,10.2
2021-01-21,11.588
2021-01-22,13.738
2021-01-23,12.25
2021-01-24,11.113
2021-01-25,10.763
2021-01-26,6.038
2021-01-27,7.0
2021-01-28,9.375
2021-01-29,13.213
2021-01-30,11.725
2021-01-31,12.0
2021-02-01,12.3
2021-02-02,12.725
2021-02-03,12.163
2021-02-04,12.213
2021-02-05,11.313
2021-02-06,13.888
2021-02-07,13.863
2021-02-08,12.288
2021-02-09,12.838
2021-02-10,12.75
2021-02-11,10.9
2021-02-12,10.95
2021-02-13,9.65
2021-02-14,5.488
2021-02-15,5.125
2021-02-16,7.938
2021-02-17,10.25
2021-02-18,10.038
2021-02-19,10.163
2021-02-20,9.75
2021-02-21,10.85
2021-02-22,13.7
2021-02-23,12.213
2021-02-24,10.3
2021-02-25,8.775
2021-02-26,9.013
2021-02-27,9.563
2021-02-28,10.513
2021-03-01,10.738
2021-03-02,10.738
2021-03-03,10.588
2021-03-04,9.3
2021-03-05,9.788
2021-03-06,10.613
2021-03-07,10.863
2021-03-08,11.025
2021-03-09,11.413
2021-03-10,10.75
2021-03-11,9.863
2021-03-12,12.5
2021-03-13,10.825
2021-03-14,11.8
2021-03-15,9.313
2021-03-16,10.825
2021-03-17,9.275
2021-03-18,7.375
2021-03-19,7.775
2021-03-20,9.788
2021-03-21,8.363
2021-03-22,9.313
2021-03-23,8.55
2021-03-24,9.563
2021-03-25,10.325
2021-03-26,11.85
2021-03-27,11.738
2021-03-28,11.45
2021-03-29,11.675
2021-03-30,12.675
2021-03-31,13.375
2021-04-01,13.663
2021-04-02,13.525
2021-04-03,13.725
2021-04-04,13.9
2021-04-05,12.463
2021-04-06,12.363
2021-04-07,8.488
2021-04-08,8.45
2021-04-09,10.938
2021-04-10,12.888
2021-04-11,16.063
2021-04-12,12.838
2021-04-13,12.063
2021-04-14,11.363
2021-04-15,11.488
2021-04-16,11.25
2021-04-17,10.3
2021-04-18,10.038
2021-04-19,11.075
2021-04-20,11.313
2021-04-21,11.613
2021-04-22,13.938
2021-04-23,13.275
2021-04-24,13.575
2021-04-25,13.85
2021-04-26,16.063
2021-04-27,14.775
2021-04-28,NA
